,Prov,Con_ACT,Sex,Age,Measure,M0,M1,M2,M3,M4,M5,M6,M7,M8,M9,M10,M11,M12,M13,M14,M15,M16,M17,M18,M19,M20,M21,M22,M23,M24,M25,M26,M27,M28,M29,M30,M31,M32,M33,M34,M35,M36,M37,M38,M39
0,,,,,,,,,,,,,,,,,,,,,,,,,,,,,,,,,,,,,,,,,,,,,
130,AB,No,F,18-19,Tx,1.0,1.0,1.0,1.0,1.0,1.0,1.0,1.0,1.0,1.0,1.0,1.0,0.0,0.0,,,,,,,,,,,,,,,,,,,,,,,,,,
131,AB,No,F,18-19,events,,,,,,,,,,,,,1.0,,,,,,,,,,,,,,,,,,,,,,,,,,,
132,AB,No,F,18-19,censored,,,,,,,,,,,,,,,,,,,,,,,,,,,,,,,,,,,,,,,,
133,AB,No,F,25-29,Tx,1.0,1.0,1.0,1.0,1.0,1.0,1.0,1.0,1.0,1.0,1.0,1.0,1.0,1.0,1.0,1.0,1.0,1.0,1.0,1.0,1.0,1.0,1.0,1.0,1.0,1.0,1.0,1.0,1.0,0.0,0.0,,,,,,,,,
134,AB,No,F,25-29,events,,,,,,,,,,,,,,,,,,,,,,,,,,,,,,,,,,,,,,,,
135,AB,No,F,25-29,censored,,,,,,,,,,,,,,,,,,,,,,,,,,,,,,1.0,,,,,,,,,,
136,AB,No,F,30-34,Tx,2.0,2.0,2.0,2.0,1.0,0.0,0.0,,,,,,,,,,,,,,,,,,,,,,,,,,,,,,,,,
137,AB,No,F,30-34,events,,,,,,1.0,,,,,,,,,,,,,,,,,,,,,,,,,,,,,,,,,,
138,AB,No,F,30-34,censored,,,,,1.0,,,,,,,,,,,,,,,,,,,,,,,,,,,,,,,,,,,
139,AB,No,F,35-39,Tx,7.0,6.0,6.0,6.0,5.0,5.0,3.0,3.0,3.0,3.0,3.0,2.0,2.0,1.0,1.0,1.0,1.0,1.0,1.0,1.0,1.0,1.0,1.0,1.0,1.0,1.0,1.0,0.0,0.0,,,,,,,,,,,
140,AB,No,F,35-39,events,,1.0,,,1.0,,1.0,,,,,1.0,,,,,,,,,,,,,,,,,,,,,,,,,,,,
141,AB,No,F,35-39,censored,,,,,,,1.0,,,,,,,1.0,,,,,,,,,,,,,,1.0,,,,,,,,,,,,
142,AB,No,F,40-44,Tx,7.0,3.0,3.0,3.0,3.0,2.0,0.0,0.0,,,,,,,,,,,,,,,,,,,,,,,,,,,,,,,,
143,AB,No,F,40-44,events,,3.0,,,,1.0,,,,,,,,,,,,,,,,,,,,,,,,,,,,,,,,,,
144,AB,No,F,40-44,censored,,1.0,,,,,2.0,,,,,,,,,,,,,,,,,,,,,,,,,,,,,,,,,
145,AB,No,F,45-49,Tx,9.0,8.0,8.0,8.0,6.0,6.0,6.0,5.0,4.0,3.0,3.0,3.0,3.0,3.0,3.0,3.0,3.0,3.0,2.0,2.0,2.0,2.0,2.0,2.0,1.0,1.0,1.0,1.0,1.0,0.0,0.0,,,,,,,,,
146,AB,No,F,45-49,events,,1.0,,,2.0,,,,1.0,,,,,,,,,,,,,,,,,,,,,,,,,,,,,,,
147,AB,No,F,45-49,censored,,,,,,,,1.0,,1.0,,,,,,,,,1.0,,,,,,1.0,,,,,1.0,,,,,,,,,,
148,AB,No,F,50-54,Tx,10.0,9.0,9.0,9.0,8.0,7.0,7.0,5.0,5.0,5.0,4.0,4.0,4.0,2.0,2.0,1.0,1.0,1.0,1.0,1.0,1.0,1.0,1.0,1.0,1.0,1.0,0.0,0.0,,,,,,,,,,,,
149,AB,No,F,50-54,events,,1.0,,,1.0,,,1.0,,,,,,1.0,,,,,,,,,,,,,,,,,,,,,,,,,,
150,AB,No,F,50-54,censored,,,,,,1.0,,1.0,,,1.0,,,1.0,,1.0,,,,,,,,,,,1.0,,,,,,,,,,,,,
151,AB,No,F,55-59,Tx,13.0,13.0,13.0,13.0,13.0,12.0,12.0,12.0,12.0,11.0,11.0,10.0,9.0,8.0,7.0,7.0,7.0,7.0,7.0,7.0,7.0,6.0,5.0,5.0,5.0,5.0,5.0,4.0,3.0,3.0,2.0,2.0,2.0,2.0,2.0,2.0,1.0,1.0,0.0,0.0
152,AB,No,F,55-59,events,,,,,,,,,,1.0,,1.0,1.0,,,,,,,,,,,,,,,,,,,,,,,,,,,
153,AB,No,F,55-59,censored,,,,,,1.0,,,,,,,,1.0,1.0,,,,,,,1.0,1.0,,,,,1.0,1.0,,1.0,,,,,,1.0,,1.0,
154,AB,No,F,60-64,Tx,9.0,7.0,6.0,6.0,6.0,6.0,5.0,5.0,4.0,3.0,2.0,2.0,2.0,2.0,2.0,2.0,2.0,1.0,0.0,0.0,,,,,,,,,,,,,,,,,,,,
155,AB,No,F,60-64,events,,1.0,1.0,,,,,,1.0,1.0,,,,,,,,,1.0,,,,,,,,,,,,,,,,,,,,,
156,AB,No,F,60-64,censored,,1.0,,,,,1.0,,,,1.0,,,,,,,1.0,,,,,,,,,,,,,,,,,,,,,,
157,AB,No,F,65+,Tx,5.0,4.0,4.0,3.0,3.0,3.0,3.0,3.0,3.0,3.0,3.0,3.0,2.0,2.0,2.0,2.0,2.0,2.0,2.0,2.0,2.0,2.0,2.0,2.0,2.0,2.0,1.0,1.0,1.0,1.0,1.0,1.0,1.0,1.0,1.0,1.0,1.0,1.0,1.0,1.0
158,AB,No,F,65+,events,,,,1.0,,,,,,,,,,,,,,,,,,,,,,,,,,,,,,,,,,,,
159,AB,No,F,65+,censored,,1.0,,,,,,,,,,,1.0,,,,,,,,,,,,,,1.0,,,,,,,,,,,,,
163,AB,No,M,30-34,Tx,3.0,3.0,3.0,3.0,3.0,3.0,3.0,3.0,2.0,2.0,2.0,2.0,2.0,2.0,1.0,1.0,1.0,1.0,1.0,1.0,1.0,1.0,1.0,1.0,1.0,1.0,1.0,1.0,1.0,0.0,0.0,,,,,,,,,
164,AB,No,M,30-34,events,,,,,,,,,1.0,,,,,,1.0,,,,,,,,,,,,,,,,,,,,,,,,,
165,AB,No,M,30-34,censored,,,,,,,,,,,,,,,,,,,,,,,,,,,,,,1.0,,,,,,,,,,
166,AB,No,M,35-39,Tx,4.0,4.0,3.0,2.0,2.0,2.0,2.0,2.0,0.0,0.0,,,,,,,,,,,,,,,,,,,,,,,,,,,,,,
167,AB,No,M,35-39,events,,,1.0,,,,,,1.0,,,,,,,,,,,,,,,,,,,,,,,,,,,,,,,
168,AB,No,M,35-39,censored,,,,1.0,,,,,1.0,,,,,,,,,,,,,,,,,,,,,,,,,,,,,,,
169,AB,No,M,40-44,Tx,7.0,7.0,7.0,7.0,6.0,6.0,6.0,6.0,6.0,5.0,5.0,5.0,4.0,4.0,3.0,2.0,2.0,2.0,2.0,2.0,1.0,1.0,1.0,1.0,1.0,1.0,1.0,1.0,1.0,1.0,1.0,1.0,1.0,1.0,0.0,0.0,,,,
170,AB,No,M,40-44,events,,,,,1.0,,,,,,,,,,1.0,,,,,,,,,,,,,,,,,,,,,,,,,
171,AB,No,M,40-44,censored,,,,,,,,,,1.0,,,1.0,,,1.0,,,,,1.0,,,,,,,,,,,,,,1.0,,,,,
172,AB,No,M,45-49,Tx,9.0,7.0,7.0,7.0,6.0,6.0,6.0,4.0,4.0,4.0,4.0,4.0,4.0,4.0,4.0,3.0,3.0,3.0,2.0,2.0,2.0,2.0,2.0,2.0,2.0,2.0,2.0,2.0,2.0,2.0,1.0,1.0,1.0,0.0,0.0,,,,,
173,AB,No,M,45-49,events,,,,,,,,1.0,,,,,,,,1.0,,,,,,,,,,,,,,,,,,,,,,,,
174,AB,No,M,45-49,censored,,2.0,,,1.0,,,1.0,,,,,,,,,,,1.0,,,,,,,,,,,,1.0,,,1.0,,,,,,
175,AB,No,M,50-54,Tx,10.0,10.0,10.0,8.0,7.0,6.0,6.0,6.0,6.0,6.0,6.0,5.0,5.0,5.0,5.0,4.0,4.0,4.0,4.0,4.0,4.0,4.0,4.0,4.0,4.0,3.0,3.0,3.0,3.0,3.0,2.0,2.0,2.0,2.0,2.0,2.0,2.0,1.0,1.0,0.0
176,AB,No,M,50-54,events,,,,,,1.0,,,,,,1.0,,,,1.0,,,,,,,,,,,,,,,,,,,,,,,,
177,AB,No,M,50-54,censored,,,,2.0,1.0,,,,,,,,,,,,,,,,,,,,,1.0,,,,,1.0,,,,,,,1.0,,1.0
178,AB,No,M,55-59,Tx,4.0,4.0,4.0,4.0,4.0,3.0,3.0,3.0,3.0,3.0,3.0,3.0,2.0,2.0,1.0,1.0,1.0,1.0,1.0,1.0,1.0,1.0,1.0,1.0,1.0,1.0,1.0,1.0,0.0,0.0,,,,,,,,,,
179,AB,No,M,55-59,events,,,,,,,,,,,,,,,,,,,,,,,,,,,,,,,,,,,,,,,,
180,AB,No,M,55-59,censored,,,,,,1.0,,,,,,,1.0,,1.0,,,,,,,,,,,,,,1.0,,,,,,,,,,,
181,AB,No,M,60-64,Tx,12.0,10.0,10.0,10.0,10.0,10.0,8.0,8.0,8.0,6.0,4.0,4.0,4.0,4.0,4.0,3.0,3.0,3.0,3.0,3.0,3.0,3.0,3.0,3.0,3.0,3.0,3.0,2.0,1.0,1.0,1.0,1.0,1.0,1.0,1.0,1.0,1.0,0.0,0.0,
182,AB,No,M,60-64,events,,1.0,,,,,,,,,,,,,,,,,,,,,,,,,,1.0,,,,,,,,,,,,
183,AB,No,M,60-64,censored,,1.0,,,,,2.0,,,2.0,2.0,,,,,1.0,,,,,,,,,,,,,1.0,,,,,,,,,1.0,,
184,AB,No,M,65+,Tx,7.0,7.0,7.0,7.0,6.0,6.0,6.0,5.0,4.0,3.0,2.0,2.0,1.0,1.0,1.0,1.0,1.0,1.0,1.0,1.0,1.0,1.0,1.0,1.0,1.0,1.0,1.0,1.0,1.0,1.0,1.0,1.0,1.0,1.0,1.0,0.0,0.0,,,
185,AB,No,M,65+,events,,,,,1.0,,,1.0,1.0,1.0,1.0,,,,,,,,,,,,,,,,,,,,,,,,,,,,,
186,AB,No,M,65+,censored,,,,,,,,,,,,,1.0,,,,,,,,,,,,,,,,,,,,,,,1.0,,,,
217,AB,Null,F,25-29,Tx,1.0,1.0,1.0,1.0,1.0,1.0,1.0,1.0,1.0,1.0,1.0,1.0,1.0,1.0,1.0,1.0,1.0,1.0,1.0,1.0,1.0,1.0,1.0,0.0,0.0,,,,,,,,,,,,,,,
218,AB,Null,F,25-29,events,,,,,,,,,,,,,,,,,,,,,,,,1.0,,,,,,,,,,,,,,,,
219,AB,Null,F,25-29,censored,,,,,,,,,,,,,,,,,,,,,,,,,,,,,,,,,,,,,,,,
220,AB,Null,F,30-34,Tx,1.0,1.0,1.0,1.0,1.0,1.0,1.0,1.0,1.0,1.0,1.0,1.0,1.0,1.0,1.0,1.0,1.0,1.0,1.0,1.0,1.0,0.0,0.0,,,,,,,,,,,,,,,,,
221,AB,Null,F,30-34,events,,,,,,,,,,,,,,,,,,,,,,1.0,,,,,,,,,,,,,,,,,,
222,AB,Null,F,30-34,censored,,,,,,,,,,,,,,,,,,,,,,,,,,,,,,,,,,,,,,,,
223,AB,Null,F,35-39,Tx,1.0,0.0,0.0,,,,,,,,,,,,,,,,,,,,,,,,,,,,,,,,,,,,,
224,AB,Null,F,35-39,events,,1.0,,,,,,,,,,,,,,,,,,,,,,,,,,,,,,,,,,,,,,
225,AB,Null,F,35-39,censored,,,,,,,,,,,,,,,,,,,,,,,,,,,,,,,,,,,,,,,,
226,AB,Null,F,40-44,Tx,2.0,1.0,1.0,1.0,1.0,0.0,0.0,,,,,,,,,,,,,,,,,,,,,,,,,,,,,,,,,
227,AB,Null,F,40-44,events,,,,,,1.0,,,,,,,,,,,,,,,,,,,,,,,,,,,,,,,,,,
228,AB,Null,F,40-44,censored,,1.0,,,,,,,,,,,,,,,,,,,,,,,,,,,,,,,,,,,,,,
229,AB,Null,F,45-49,Tx,1.0,1.0,1.0,1.0,1.0,1.0,1.0,1.0,1.0,1.0,0.0,0.0,,,,,,,,,,,,,,,,,,,,,,,,,,,,
230,AB,Null,F,45-49,events,,,,,,,,,,,1.0,,,,,,,,,,,,,,,,,,,,,,,,,,,,,
231,AB,Null,F,45-49,censored,,,,,,,,,,,,,,,,,,,,,,,,,,,,,,,,,,,,,,,,
232,AB,Null,F,55-59,Tx,2.0,2.0,2.0,2.0,1.0,1.0,1.0,1.0,1.0,1.0,0.0,0.0,,,,,,,,,,,,,,,,,,,,,,,,,,,,
233,AB,Null,F,55-59,events,,,,,,,,,,,,,,,,,,,,,,,,,,,,,,,,,,,,,,,,
234,AB,Null,F,55-59,censored,,,,,1.0,,,,,,1.0,,,,,,,,,,,,,,,,,,,,,,,,,,,,,
235,AB,Null,F,60-64,Tx,1.0,1.0,1.0,1.0,0.0,0.0,,,,,,,,,,,,,,,,,,,,,,,,,,,,,,,,,,
236,AB,Null,F,60-64,events,,,,,,,,,,,,,,,,,,,,,,,,,,,,,,,,,,,,,,,,
237,AB,Null,F,60-64,censored,,,,,1.0,,,,,,,,,,,,,,,,,,,,,,,,,,,,,,,,,,,
241,AB,Null,M,25-29,Tx,1.0,1.0,1.0,1.0,0.0,0.0,,,,,,,,,,,,,,,,,,,,,,,,,,,,,,,,,,
242,AB,Null,M,25-29,events,,,,,,,,,,,,,,,,,,,,,,,,,,,,,,,,,,,,,,,,
243,AB,Null,M,25-29,censored,,,,,1.0,,,,,,,,,,,,,,,,,,,,,,,,,,,,,,,,,,,
244,AB,Null,M,30-34,Tx,1.0,1.0,1.0,1.0,0.0,0.0,,,,,,,,,,,,,,,,,,,,,,,,,,,,,,,,,,
245,AB,Null,M,30-34,events,,,,,,,,,,,,,,,,,,,,,,,,,,,,,,,,,,,,,,,,
246,AB,Null,M,30-34,censored,,,,,1.0,,,,,,,,,,,,,,,,,,,,,,,,,,,,,,,,,,,
247,AB,Null,M,50-54,Tx,2.0,2.0,2.0,2.0,2.0,2.0,2.0,2.0,2.0,2.0,2.0,2.0,2.0,2.0,2.0,1.0,0.0,0.0,,,,,,,,,,,,,,,,,,,,,,
248,AB,Null,M,50-54,events,,,,,,,,,,,,,,,,,,,,,,,,,,,,,,,,,,,,,,,,
249,AB,Null,M,50-54,censored,,,,,,,,,,,,,,,,1.0,1.0,,,,,,,,,,,,,,,,,,,,,,,
250,AB,Null,M,55-59,Tx,1.0,1.0,1.0,1.0,1.0,1.0,1.0,1.0,1.0,1.0,1.0,1.0,1.0,1.0,1.0,1.0,1.0,1.0,1.0,0.0,0.0,,,,,,,,,,,,,,,,,,,
251,AB,Null,M,55-59,events,,,,,,,,,,,,,,,,,,,,,,,,,,,,,,,,,,,,,,,,
252,AB,Null,M,55-59,censored,,,,,,,,,,,,,,,,,,,,1.0,,,,,,,,,,,,,,,,,,,,
280,AB,Yes,F,18-19,Tx,1.0,1.0,1.0,1.0,1.0,1.0,1.0,1.0,1.0,0.0,0.0,,,,,,,,,,,,,,,,,,,,,,,,,,,,,
281,AB,Yes,F,18-19,events,,,,,,,,,,,,,,,,,,,,,,,,,,,,,,,,,,,,,,,,
282,AB,Yes,F,18-19,censored,,,,,,,,,,1.0,,,,,,,,,,,,,,,,,,,,,,,,,,,,,,
283,AB,Yes,F,40-44,Tx,1.0,1.0,1.0,1.0,1.0,1.0,1.0,1.0,1.0,1.0,0.0,0.0,,,,,,,,,,,,,,,,,,,,,,,,,,,,
284,AB,Yes,F,40-44,events,,,,,,,,,,,,,,,,,,,,,,,,,,,,,,,,,,,,,,,,
285,AB,Yes,F,40-44,censored,,,,,,,,,,,1.0,,,,,,,,,,,,,,,,,,,,,,,,,,,,,
286,AB,Yes,F,45-49,Tx,1.0,1.0,1.0,1.0,1.0,1.0,1.0,1.0,1.0,1.0,1.0,1.0,1.0,1.0,1.0,1.0,0.0,0.0,,,,,,,,,,,,,,,,,,,,,,
287,AB,Yes,F,45-49,events,,,,,,,,,,,,,,,,,,,,,,,,,,,,,,,,,,,,,,,,
288,AB,Yes,F,45-49,censored,,,,,,,,,,,,,,,,,1.0,,,,,,,,,,,,,,,,,,,,,,,
289,AB,Yes,F,55-59,Tx,3.0,3.0,3.0,3.0,2.0,2.0,2.0,2.0,2.0,2.0,2.0,2.0,2.0,2.0,2.0,2.0,2.0,0.0,0.0,,,,,,,,,,,,,,,,,,,,,
290,AB,Yes,F,55-59,events,,,,,1.0,,,,,,,,,,,,,2.0,,,,,,,,,,,,,,,,,,,,,,
291,AB,Yes,F,55-59,censored,,,,,,,,,,,,,,,,,,,,,,,,,,,,,,,,,,,,,,,,
295,AB,Yes,M,35-39,Tx,1.0,1.0,1.0,1.0,1.0,1.0,1.0,1.0,1.0,1.0,1.0,1.0,1.0,1.0,1.0,1.0,1.0,1.0,0.0,0.0,,,,,,,,,,,,,,,,,,,,
296,AB,Yes,M,35-39,events,,,,,,,,,,,,,,,,,,,,,,,,,,,,,,,,,,,,,,,,
297,AB,Yes,M,35-39,censored,,,,,,,,,,,,,,,,,,,1.0,,,,,,,,,,,,,,,,,,,,,
298,AB,Yes,M,50-54,Tx,1.0,1.0,1.0,1.0,1.0,1.0,1.0,1.0,1.0,1.0,1.0,1.0,1.0,1.0,1.0,0.0,0.0,,,,,,,,,,,,,,,,,,,,,,,
299,AB,Yes,M,50-54,events,,,,,,,,,,,,,,,,,,,,,,,,,,,,,,,,,,,,,,,,
300,AB,Yes,M,50-54,censored,,,,,,,,,,,,,,,,1.0,,,,,,,,,,,,,,,,,,,,,,,,
301,AB,Yes,M,55-59,Tx,1.0,1.0,1.0,1.0,1.0,1.0,1.0,0.0,0.0,,,,,,,,,,,,,,,,,,,,,,,,,,,,,,,
302,AB,Yes,M,55-59,events,,,,,,,,1.0,,,,,,,,,,,,,,,,,,,,,,,,,,,,,,,,
303,AB,Yes,M,55-59,censored,,,,,,,,,,,,,,,,,,,,,,,,,,,,,,,,,,,,,,,,
304,AB,Yes,M,60-64,Tx,1.0,1.0,1.0,1.0,1.0,1.0,1.0,0.0,0.0,,,,,,,,,,,,,,,,,,,,,,,,,,,,,,,
305,AB,Yes,M,60-64,events,,,,,,,,,,,,,,,,,,,,,,,,,,,,,,,,,,,,,,,,
306,AB,Yes,M,60-64,censored,,,,,,,,1.0,,,,,,,,,,,,,,,,,,,,,,,,,,,,,,,,
853,Atlantic,No,F,20-24,Tx,1.0,0.0,0.0,,,,,,,,,,,,,,,,,,,,,,,,,,,,,,,,,,,,,
854,Atlantic,No,F,20-24,events,,1.0,,,,,,,,,,,,,,,,,,,,,,,,,,,,,,,,,,,,,,
855,Atlantic,No,F,20-24,censored,,,,,,,,,,,,,,,,,,,,,,,,,,,,,,,,,,,,,,,,
856,Atlantic,No,F,25-29,Tx,1.0,1.0,1.0,1.0,1.0,1.0,1.0,1.0,1.0,1.0,1.0,1.0,1.0,0.0,0.0,,,,,,,,,,,,,,,,,,,,,,,,,
857,Atlantic,No,F,25-29,events,,,,,,,,,,,,,,,,,,,,,,,,,,,,,,,,,,,,,,,,
858,Atlantic,No,F,25-29,censored,,,,,,,,,,,,,,1.0,,,,,,,,,,,,,,,,,,,,,,,,,,
859,Atlantic,No,F,30-34,Tx,1.0,1.0,1.0,1.0,0.0,0.0,,,,,,,,,,,,,,,,,,,,,,,,,,,,,,,,,,
860,Atlantic,No,F,30-34,events,,,,,,,,,,,,,,,,,,,,,,,,,,,,,,,,,,,,,,,,
861,Atlantic,No,F,30-34,censored,,,,,1.0,,,,,,,,,,,,,,,,,,,,,,,,,,,,,,,,,,,
862,Atlantic,No,F,35-39,Tx,3.0,3.0,3.0,2.0,2.0,1.0,1.0,1.0,1.0,1.0,0.0,0.0,,,,,,,,,,,,,,,,,,,,,,,,,,,,
863,Atlantic,No,F,35-39,events,,,,,,1.0,,,,,,,,,,,,,,,,,,,,,,,,,,,,,,,,,,
864,Atlantic,No,F,35-39,censored,,,,1.0,,,,,,,1.0,,,,,,,,,,,,,,,,,,,,,,,,,,,,,
865,Atlantic,No,F,40-44,Tx,6.0,6.0,6.0,5.0,5.0,4.0,4.0,4.0,4.0,4.0,4.0,4.0,4.0,3.0,3.0,3.0,3.0,3.0,3.0,2.0,2.0,2.0,2.0,2.0,2.0,1.0,1.0,1.0,1.0,0.0,0.0,,,,,,,,,
866,Atlantic,No,F,40-44,events,,,,1.0,,,,,,,,,,,,,,,,,,,,,,,,,,,,,,,,,,,,
867,Atlantic,No,F,40-44,censored,,,,,,1.0,,,,,,,,1.0,,,,,,1.0,,,,,,1.0,,,,1.0,,,,,,,,,,
868,Atlantic,No,F,45-49,Tx,6.0,6.0,5.0,5.0,5.0,5.0,5.0,5.0,5.0,5.0,4.0,3.0,2.0,2.0,2.0,2.0,1.0,1.0,1.0,1.0,1.0,1.0,0.0,0.0,,,,,,,,,,,,,,,,
869,Atlantic,No,F,45-49,events,,,,,,,,,,,,1.0,,,,,1.0,,,,,,,,,,,,,,,,,,,,,,,
870,Atlantic,No,F,45-49,censored,,,1.0,,,,,,,,1.0,,1.0,,,,,,,,,,1.0,,,,,,,,,,,,,,,,,
871,Atlantic,No,F,50-54,Tx,4.0,4.0,4.0,3.0,3.0,3.0,2.0,2.0,2.0,2.0,2.0,1.0,0.0,0.0,,,,,,,,,,,,,,,,,,,,,,,,,,
872,Atlantic,No,F,50-54,events,,,,1.0,,,1.0,,,,,1.0,,,,,,,,,,,,,,,,,,,,,,,,,,,,
873,Atlantic,No,F,50-54,censored,,,,,,,,,,,,,1.0,,,,,,,,,,,,,,,,,,,,,,,,,,,
874,Atlantic,No,F,55-59,Tx,8.0,8.0,7.0,7.0,6.0,6.0,6.0,5.0,4.0,3.0,3.0,2.0,1.0,1.0,1.0,1.0,1.0,1.0,1.0,0.0,0.0,,,,,,,,,,,,,,,,,,,
875,Atlantic,No,F,55-59,events,,,1.0,,,,,,1.0,,,,,,,,,,,,,,,,,,,,,,,,,,,,,,,
876,Atlantic,No,F,55-59,censored,,,,,1.0,,,1.0,,1.0,,1.0,1.0,,,,,,,1.0,,,,,,,,,,,,,,,,,,,,
877,Atlantic,No,F,60-64,Tx,10.0,8.0,7.0,6.0,6.0,6.0,6.0,5.0,5.0,2.0,1.0,1.0,1.0,1.0,1.0,1.0,1.0,1.0,1.0,1.0,1.0,1.0,1.0,1.0,1.0,1.0,1.0,1.0,1.0,1.0,1.0,1.0,1.0,1.0,1.0,1.0,1.0,1.0,0.0,0.0
878,Atlantic,No,F,60-64,events,,,1.0,1.0,,,,,,1.0,,,,,,,,,,,,,,,,,,,,,,,,,,,,,,
879,Atlantic,No,F,60-64,censored,,2.0,,,,,,1.0,,2.0,1.0,,,,,,,,,,,,,,,,,,,,,,,,,,,,1.0,
880,Atlantic,No,F,65+,Tx,10.0,9.0,8.0,8.0,8.0,8.0,7.0,6.0,6.0,4.0,3.0,3.0,3.0,3.0,0.0,0.0,,,,,,,,,,,,,,,,,,,,,,,,
881,Atlantic,No,F,65+,events,,,,,,,,,,,,,,,,,,,,,,,,,,,,,,,,,,,,,,,,
882,Atlantic,No,F,65+,censored,,1.0,1.0,,,,1.0,1.0,,2.0,1.0,,,,3.0,,,,,,,,,,,,,,,,,,,,,,,,,
886,Atlantic,No,M,35-39,Tx,1.0,1.0,1.0,1.0,0.0,0.0,,,,,,,,,,,,,,,,,,,,,,,,,,,,,,,,,,
887,Atlantic,No,M,35-39,events,,,,,,,,,,,,,,,,,,,,,,,,,,,,,,,,,,,,,,,,
888,Atlantic,No,M,35-39,censored,,,,,1.0,,,,,,,,,,,,,,,,,,,,,,,,,,,,,,,,,,,
889,Atlantic,No,M,40-44,Tx,3.0,2.0,2.0,2.0,2.0,2.0,2.0,2.0,2.0,2.0,2.0,2.0,2.0,2.0,2.0,2.0,2.0,2.0,1.0,1.0,1.0,1.0,1.0,1.0,0.0,0.0,,,,,,,,,,,,,,
890,Atlantic,No,M,40-44,events,,1.0,,,,,,,,,,,,,,,,,,,,,,,,,,,,,,,,,,,,,,
891,Atlantic,No,M,40-44,censored,,,,,,,,,,,,,,,,,,,1.0,,,,,,1.0,,,,,,,,,,,,,,,
892,Atlantic,No,M,45-49,Tx,4.0,4.0,4.0,4.0,2.0,2.0,2.0,2.0,2.0,2.0,2.0,2.0,2.0,2.0,0.0,0.0,,,,,,,,,,,,,,,,,,,,,,,,
893,Atlantic,No,M,45-49,events,,,,,1.0,,,,,,,,,,,,,,,,,,,,,,,,,,,,,,,,,,,
894,Atlantic,No,M,45-49,censored,,,,,1.0,,,,,,,,,,2.0,,,,,,,,,,,,,,,,,,,,,,,,,
895,Atlantic,No,M,50-54,Tx,2.0,2.0,1.0,1.0,1.0,1.0,1.0,1.0,1.0,1.0,1.0,1.0,1.0,1.0,0.0,0.0,,,,,,,,,,,,,,,,,,,,,,,,
896,Atlantic,No,M,50-54,events,,,,,,,,,,,,,,,,,,,,,,,,,,,,,,,,,,,,,,,,
897,Atlantic,No,M,50-54,censored,,,1.0,,,,,,,,,,,,1.0,,,,,,,,,,,,,,,,,,,,,,,,,
898,Atlantic,No,M,55-59,Tx,7.0,7.0,6.0,6.0,6.0,6.0,6.0,6.0,6.0,4.0,4.0,3.0,3.0,3.0,3.0,2.0,1.0,1.0,1.0,1.0,1.0,1.0,1.0,1.0,1.0,1.0,1.0,1.0,0.0,0.0,,,,,,,,,,
899,Atlantic,No,M,55-59,events,,,,,,,,,,1.0,,,,,,1.0,1.0,,,,,,,,,,,,,,,,,,,,,,,
900,Atlantic,No,M,55-59,censored,,,1.0,,,,,,,1.0,,1.0,,,,,,,,,,,,,,,,,1.0,,,,,,,,,,,
901,Atlantic,No,M,60-64,Tx,3.0,3.0,3.0,3.0,0.0,0.0,,,,,,,,,,,,,,,,,,,,,,,,,,,,,,,,,,
902,Atlantic,No,M,60-64,events,,,,,,,,,,,,,,,,,,,,,,,,,,,,,,,,,,,,,,,,
903,Atlantic,No,M,60-64,censored,,,,,3.0,,,,,,,,,,,,,,,,,,,,,,,,,,,,,,,,,,,
904,Atlantic,No,M,65+,Tx,3.0,2.0,2.0,2.0,1.0,1.0,1.0,1.0,1.0,1.0,1.0,0.0,0.0,,,,,,,,,,,,,,,,,,,,,,,,,,,
905,Atlantic,No,M,65+,events,,,,,,,,,,,,,,,,,,,,,,,,,,,,,,,,,,,,,,,,
906,Atlantic,No,M,65+,censored,,1.0,,,1.0,,,,,,,1.0,,,,,,,,,,,,,,,,,,,,,,,,,,,,
940,Atlantic,Null,F,20-24,Tx,1.0,0.0,0.0,,,,,,,,,,,,,,,,,,,,,,,,,,,,,,,,,,,,,
941,Atlantic,Null,F,20-24,events,,,,,,,,,,,,,,,,,,,,,,,,,,,,,,,,,,,,,,,,
942,Atlantic,Null,F,20-24,censored,,1.0,,,,,,,,,,,,,,,,,,,,,,,,,,,,,,,,,,,,,,
943,Atlantic,Null,F,30-34,Tx,1.0,1.0,1.0,1.0,1.0,1.0,0.0,0.0,,,,,,,,,,,,,,,,,,,,,,,,,,,,,,,,
944,Atlantic,Null,F,30-34,events,,,,,,,,,,,,,,,,,,,,,,,,,,,,,,,,,,,,,,,,
945,Atlantic,Null,F,30-34,censored,,,,,,,1.0,,,,,,,,,,,,,,,,,,,,,,,,,,,,,,,,,
946,Atlantic,Null,F,40-44,Tx,1.0,0.0,0.0,,,,,,,,,,,,,,,,,,,,,,,,,,,,,,,,,,,,,
947,Atlantic,Null,F,40-44,events,,1.0,,,,,,,,,,,,,,,,,,,,,,,,,,,,,,,,,,,,,,
948,Atlantic,Null,F,40-44,censored,,,,,,,,,,,,,,,,,,,,,,,,,,,,,,,,,,,,,,,,
949,Atlantic,Null,F,50-54,Tx,1.0,1.0,1.0,1.0,1.0,1.0,1.0,1.0,1.0,0.0,0.0,,,,,,,,,,,,,,,,,,,,,,,,,,,,,
950,Atlantic,Null,F,50-54,events,,,,,,,,,,,,,,,,,,,,,,,,,,,,,,,,,,,,,,,,
951,Atlantic,Null,F,50-54,censored,,,,,,,,,,1.0,,,,,,,,,,,,,,,,,,,,,,,,,,,,,,
952,Atlantic,Null,F,60-64,Tx,1.0,1.0,1.0,1.0,1.0,1.0,1.0,1.0,0.0,0.0,,,,,,,,,,,,,,,,,,,,,,,,,,,,,,
953,Atlantic,Null,F,60-64,events,,,,,,,,,,,,,,,,,,,,,,,,,,,,,,,,,,,,,,,,
954,Atlantic,Null,F,60-64,censored,,,,,,,,,1.0,,,,,,,,,,,,,,,,,,,,,,,,,,,,,,,
958,Atlantic,Null,M,35-39,Tx,1.0,1.0,1.0,1.0,1.0,1.0,0.0,0.0,,,,,,,,,,,,,,,,,,,,,,,,,,,,,,,,
959,Atlantic,Null,M,35-39,events,,,,,,,,,,,,,,,,,,,,,,,,,,,,,,,,,,,,,,,,
960,Atlantic,Null,M,35-39,censored,,,,,,,1.0,,,,,,,,,,,,,,,,,,,,,,,,,,,,,,,,,
961,Atlantic,Null,M,40-44,Tx,1.0,1.0,1.0,1.0,1.0,0.0,0.0,,,,,,,,,,,,,,,,,,,,,,,,,,,,,,,,,
962,Atlantic,Null,M,40-44,events,,,,,,,,,,,,,,,,,,,,,,,,,,,,,,,,,,,,,,,,
963,Atlantic,Null,M,40-44,censored,,,,,,1.0,,,,,,,,,,,,,,,,,,,,,,,,,,,,,,,,,,
964,Atlantic,Null,M,45-49,Tx,1.0,1.0,1.0,1.0,1.0,1.0,1.0,1.0,1.0,1.0,1.0,1.0,1.0,1.0,1.0,0.0,0.0,,,,,,,,,,,,,,,,,,,,,,,
965,Atlantic,Null,M,45-49,events,,,,,,,,,,,,,,,,,,,,,,,,,,,,,,,,,,,,,,,,
966,Atlantic,Null,M,45-49,censored,,,,,,,,,,,,,,,,1.0,,,,,,,,,,,,,,,,,,,,,,,,
967,Atlantic,Null,M,55-59,Tx,2.0,1.0,1.0,1.0,1.0,1.0,1.0,1.0,1.0,1.0,1.0,1.0,1.0,1.0,1.0,1.0,1.0,1.0,1.0,1.0,0.0,0.0,,,,,,,,,,,,,,,,,,
968,Atlantic,Null,M,55-59,events,,,,,,,,,,,,,,,,,,,,,,,,,,,,,,,,,,,,,,,,
969,Atlantic,Null,M,55-59,censored,,1.0,,,,,,,,,,,,,,,,,,,1.0,,,,,,,,,,,,,,,,,,,
970,Atlantic,Null,M,60-64,Tx,1.0,1.0,1.0,1.0,1.0,1.0,1.0,1.0,1.0,1.0,1.0,1.0,1.0,1.0,1.0,1.0,1.0,1.0,1.0,1.0,1.0,1.0,1.0,1.0,1.0,1.0,1.0,1.0,1.0,1.0,1.0,0.0,0.0,,,,,,,
971,Atlantic,Null,M,60-64,events,,,,,,,,,,,,,,,,,,,,,,,,,,,,,,,,,,,,,,,,
972,Atlantic,Null,M,60-64,censored,,,,,,,,,,,,,,,,,,,,,,,,,,,,,,,,1.0,,,,,,,,
973,Atlantic,Null,M,65+,Tx,2.0,2.0,2.0,2.0,2.0,2.0,2.0,2.0,2.0,2.0,2.0,2.0,1.0,1.0,0.0,0.0,,,,,,,,,,,,,,,,,,,,,,,,
974,Atlantic,Null,M,65+,events,,,,,,,,,,,,,,,,,,,,,,,,,,,,,,,,,,,,,,,,
975,Atlantic,Null,M,65+,censored,,,,,,,,,,,,,1.0,,1.0,,,,,,,,,,,,,,,,,,,,,,,,,
997,Atlantic,Yes,F,40-44,Tx,1.0,1.0,1.0,1.0,0.0,0.0,,,,,,,,,,,,,,,,,,,,,,,,,,,,,,,,,,
998,Atlantic,Yes,F,40-44,events,,,,,1.0,,,,,,,,,,,,,,,,,,,,,,,,,,,,,,,,,,,
999,Atlantic,Yes,F,40-44,censored,,,,,,,,,,,,,,,,,,,,,,,,,,,,,,,,,,,,,,,,
1000,Atlantic,Yes,F,45-49,Tx,1.0,0.0,0.0,,,,,,,,,,,,,,,,,,,,,,,,,,,,,,,,,,,,,
1001,Atlantic,Yes,F,45-49,events,,1.0,,,,,,,,,,,,,,,,,,,,,,,,,,,,,,,,,,,,,,
1002,Atlantic,Yes,F,45-49,censored,,,,,,,,,,,,,,,,,,,,,,,,,,,,,,,,,,,,,,,,
1003,Atlantic,Yes,F,50-54,Tx,1.0,1.0,1.0,1.0,0.0,0.0,,,,,,,,,,,,,,,,,,,,,,,,,,,,,,,,,,
1004,Atlantic,Yes,F,50-54,events,,,,,1.0,,,,,,,,,,,,,,,,,,,,,,,,,,,,,,,,,,,
1005,Atlantic,Yes,F,50-54,censored,,,,,,,,,,,,,,,,,,,,,,,,,,,,,,,,,,,,,,,,
1006,Atlantic,Yes,F,60-64,Tx,2.0,2.0,2.0,2.0,2.0,2.0,2.0,2.0,2.0,2.0,2.0,2.0,2.0,1.0,1.0,1.0,1.0,1.0,1.0,1.0,0.0,0.0,,,,,,,,,,,,,,,,,,
1007,Atlantic,Yes,F,60-64,events,,,,,,,,,,,,,,,,,,,,,,,,,,,,,,,,,,,,,,,,
1008,Atlantic,Yes,F,60-64,censored,,,,,,,,,,,,,,1.0,,,,,,,1.0,,,,,,,,,,,,,,,,,,,
1012,Atlantic,Yes,M,50-54,Tx,1.0,1.0,1.0,1.0,1.0,1.0,1.0,1.0,1.0,1.0,1.0,1.0,1.0,1.0,1.0,1.0,1.0,0.0,0.0,,,,,,,,,,,,,,,,,,,,,
1013,Atlantic,Yes,M,50-54,events,,,,,,,,,,,,,,,,,,1.0,,,,,,,,,,,,,,,,,,,,,,
1014,Atlantic,Yes,M,50-54,censored,,,,,,,,,,,,,,,,,,,,,,,,,,,,,,,,,,,,,,,,
1015,Atlantic,Yes,M,55-59,Tx,2.0,2.0,1.0,1.0,1.0,1.0,1.0,1.0,1.0,0.0,0.0,,,,,,,,,,,,,,,,,,,,,,,,,,,,,
1016,Atlantic,Yes,M,55-59,events,,,,,,,,,,,,,,,,,,,,,,,,,,,,,,,,,,,,,,,,
1017,Atlantic,Yes,M,55-59,censored,,,1.0,,,,,,,1.0,,,,,,,,,,,,,,,,,,,,,,,,,,,,,,
1141,BC,No,F,20-24,Tx,1.0,1.0,1.0,1.0,1.0,0.0,0.0,,,,,,,,,,,,,,,,,,,,,,,,,,,,,,,,,
1142,BC,No,F,20-24,events,,,,,,,,,,,,,,,,,,,,,,,,,,,,,,,,,,,,,,,,
1143,BC,No,F,20-24,censored,,,,,,1.0,,,,,,,,,,,,,,,,,,,,,,,,,,,,,,,,,,
1144,BC,No,F,35-39,Tx,7.0,6.0,6.0,6.0,5.0,5.0,5.0,5.0,4.0,4.0,4.0,4.0,3.0,3.0,3.0,3.0,3.0,3.0,3.0,3.0,3.0,2.0,1.0,1.0,1.0,1.0,1.0,1.0,0.0,0.0,,,,,,,,,,
1145,BC,No,F,35-39,events,,1.0,,,1.0,,,,,,,,1.0,,,,,,,,,1.0,1.0,,,,,,,,,,,,,,,,,
1146,BC,No,F,35-39,censored,,,,,,,,,1.0,,,,,,,,,,,,,,,,,,,,1.0,,,,,,,,,,,
1147,BC,No,F,40-44,Tx,2.0,2.0,2.0,1.0,1.0,1.0,1.0,1.0,1.0,1.0,1.0,1.0,0.0,0.0,,,,,,,,,,,,,,,,,,,,,,,,,,
1148,BC,No,F,40-44,events,,,,1.0,,,,,,,,,1.0,,,,,,,,,,,,,,,,,,,,,,,,,,,
1149,BC,No,F,40-44,censored,,,,,,,,,,,,,,,,,,,,,,,,,,,,,,,,,,,,,,,,
1150,BC,No,F,45-49,Tx,8.0,7.0,6.0,5.0,4.0,3.0,3.0,3.0,3.0,3.0,3.0,3.0,3.0,3.0,3.0,3.0,2.0,2.0,2.0,2.0,0.0,0.0,,,,,,,,,,,,,,,,,,
1151,BC,No,F,45-49,events,,1.0,1.0,1.0,1.0,1.0,,,,,,,,,,,1.0,,,,2.0,,,,,,,,,,,,,,,,,,,
1152,BC,No,F,45-49,censored,,,,,,,,,,,,,,,,,,,,,,,,,,,,,,,,,,,,,,,,
1153,BC,No,F,50-54,Tx,7.0,7.0,7.0,7.0,5.0,4.0,4.0,3.0,3.0,3.0,3.0,3.0,3.0,3.0,3.0,3.0,3.0,3.0,3.0,3.0,3.0,3.0,3.0,2.0,2.0,2.0,2.0,2.0,0.0,0.0,,,,,,,,,,
1154,BC,No,F,50-54,events,,,,,2.0,1.0,,,,,,,,,,,,,,,,,,,,,,,,,,,,,,,,,,
1155,BC,No,F,50-54,censored,,,,,,,,1.0,,,,,,,,,,,,,,,,1.0,,,,,2.0,,,,,,,,,,,
1156,BC,No,F,55-59,Tx,6.0,4.0,4.0,4.0,4.0,4.0,4.0,3.0,2.0,2.0,2.0,2.0,2.0,1.0,1.0,1.0,1.0,1.0,1.0,1.0,1.0,1.0,1.0,1.0,1.0,1.0,0.0,0.0,,,,,,,,,,,,
1157,BC,No,F,55-59,events,,,,,,,,,,,,,,1.0,,,,,,,,,,,,,,,,,,,,,,,,,,
1158,BC,No,F,55-59,censored,,2.0,,,,,,1.0,1.0,,,,,,,,,,,,,,,,,,1.0,,,,,,,,,,,,,
1159,BC,No,F,60-64,Tx,9.0,5.0,5.0,5.0,5.0,5.0,5.0,4.0,3.0,3.0,3.0,3.0,3.0,3.0,3.0,3.0,2.0,2.0,2.0,2.0,2.0,2.0,2.0,2.0,1.0,1.0,0.0,0.0,,,,,,,,,,,,
1160,BC,No,F,60-64,events,,3.0,,,,,,,,,,,,,,,1.0,,,,,,,,1.0,,,,,,,,,,,,,,,
1161,BC,No,F,60-64,censored,,1.0,,,,,,1.0,1.0,,,,,,,,,,,,,,,,,,1.0,,,,,,,,,,,,,
1162,BC,No,F,65+,Tx,9.0,9.0,9.0,8.0,8.0,8.0,8.0,8.0,8.0,8.0,8.0,6.0,6.0,5.0,5.0,5.0,5.0,5.0,5.0,4.0,4.0,3.0,2.0,0.0,0.0,,,,,,,,,,,,,,,
1163,BC,No,F,65+,events,,,,1.0,,,,,,,,2.0,,1.0,,,,,,1.0,,,1.0,1.0,,,,,,,,,,,,,,,,
1164,BC,No,F,65+,censored,,,,,,,,,,,,,,,,,,,,,,1.0,,1.0,,,,,,,,,,,,,,,,
1168,BC,No,M,20-24,Tx,1.0,1.0,1.0,0.0,0.0,,,,,,,,,,,,,,,,,,,,,,,,,,,,,,,,,,,
1169,BC,No,M,20-24,events,,,,,,,,,,,,,,,,,,,,,,,,,,,,,,,,,,,,,,,,
1170,BC,No,M,20-24,censored,,,,1.0,,,,,,,,,,,,,,,,,,,,,,,,,,,,,,,,,,,,
1171,BC,No,M,30-34,Tx,5.0,4.0,4.0,4.0,4.0,4.0,4.0,4.0,3.0,3.0,3.0,3.0,3.0,3.0,2.0,2.0,2.0,2.0,2.0,2.0,2.0,2.0,1.0,1.0,1.0,0.0,0.0,,,,,,,,,,,,,
1172,BC,No,M,30-34,events,,1.0,,,,,,,,,,,,,1.0,,,,,,,,,,,1.0,,,,,,,,,,,,,,
1173,BC,No,M,30-34,censored,,,,,,,,,1.0,,,,,,,,,,,,,,1.0,,,,,,,,,,,,,,,,,
1174,BC,No,M,35-39,Tx,1.0,1.0,1.0,1.0,0.0,0.0,,,,,,,,,,,,,,,,,,,,,,,,,,,,,,,,,,
1175,BC,No,M,35-39,events,,,,,1.0,,,,,,,,,,,,,,,,,,,,,,,,,,,,,,,,,,,
1176,BC,No,M,35-39,censored,,,,,,,,,,,,,,,,,,,,,,,,,,,,,,,,,,,,,,,,
1177,BC,No,M,40-44,Tx,2.0,2.0,1.0,1.0,1.0,1.0,1.0,1.0,1.0,1.0,1.0,1.0,1.0,1.0,1.0,1.0,1.0,1.0,1.0,1.0,1.0,1.0,1.0,0.0,0.0,,,,,,,,,,,,,,,
1178,BC,No,M,40-44,events,,,,,,,,,,,,,,,,,,,,,,,,1.0,,,,,,,,,,,,,,,,
1179,BC,No,M,40-44,censored,,,1.0,,,,,,,,,,,,,,,,,,,,,,,,,,,,,,,,,,,,,
1180,BC,No,M,45-49,Tx,2.0,2.0,2.0,2.0,2.0,2.0,2.0,2.0,2.0,2.0,2.0,2.0,1.0,1.0,1.0,1.0,1.0,1.0,1.0,1.0,1.0,1.0,0.0,0.0,,,,,,,,,,,,,,,,
1181,BC,No,M,45-49,events,,,,,,,,,,,,,1.0,,,,,,,,,,,,,,,,,,,,,,,,,,,
1182,BC,No,M,45-49,censored,,,,,,,,,,,,,,,,,,,,,,,1.0,,,,,,,,,,,,,,,,,
1183,BC,No,M,50-54,Tx,11.0,9.0,9.0,9.0,9.0,9.0,9.0,8.0,7.0,7.0,6.0,5.0,4.0,3.0,3.0,2.0,2.0,2.0,2.0,2.0,2.0,2.0,1.0,1.0,1.0,0.0,0.0,,,,,,,,,,,,,
1184,BC,No,M,50-54,events,,2.0,,,,,,,,,1.0,,1.0,1.0,,1.0,,,,,,,1.0,,,,,,,,,,,,,,,,,
1185,BC,No,M,50-54,censored,,,,,,,,1.0,1.0,,,1.0,,,,,,,,,,,,,,1.0,,,,,,,,,,,,,,
1186,BC,No,M,55-59,Tx,3.0,3.0,3.0,2.0,2.0,2.0,2.0,2.0,2.0,1.0,1.0,1.0,0.0,0.0,,,,,,,,,,,,,,,,,,,,,,,,,,
1187,BC,No,M,55-59,events,,,,1.0,,,,,,1.0,,,,,,,,,,,,,,,,,,,,,,,,,,,,,,
1188,BC,No,M,55-59,censored,,,,,,,,,,,,,1.0,,,,,,,,,,,,,,,,,,,,,,,,,,,
1189,BC,No,M,60-64,Tx,11.0,8.0,7.0,7.0,6.0,5.0,5.0,5.0,5.0,4.0,3.0,3.0,3.0,3.0,3.0,3.0,2.0,1.0,1.0,1.0,1.0,1.0,1.0,1.0,1.0,1.0,1.0,0.0,0.0,,,,,,,,,,,
1190,BC,No,M,60-64,events,,3.0,,,1.0,1.0,,,,1.0,1.0,,,,,,1.0,1.0,,,,,,,,,,1.0,,,,,,,,,,,,
1191,BC,No,M,60-64,censored,,,1.0,,,,,,,,,,,,,,,,,,,,,,,,,,,,,,,,,,,,,
1192,BC,No,M,65+,Tx,3.0,3.0,3.0,3.0,3.0,3.0,2.0,2.0,2.0,2.0,2.0,2.0,1.0,1.0,1.0,1.0,1.0,1.0,1.0,1.0,1.0,1.0,1.0,0.0,0.0,,,,,,,,,,,,,,,
1193,BC,No,M,65+,events,,,,,,,1.0,,,,,,1.0,,,,,,,,,,,1.0,,,,,,,,,,,,,,,,
1194,BC,No,M,65+,censored,,,,,,,,,,,,,,,,,,,,,,,,,,,,,,,,,,,,,,,,
1228,BC,Null,F,20-24,Tx,1.0,1.0,1.0,1.0,0.0,0.0,,,,,,,,,,,,,,,,,,,,,,,,,,,,,,,,,,
1229,BC,Null,F,20-24,events,,,,,1.0,,,,,,,,,,,,,,,,,,,,,,,,,,,,,,,,,,,
1230,BC,Null,F,20-24,censored,,,,,,,,,,,,,,,,,,,,,,,,,,,,,,,,,,,,,,,,
1231,BC,Null,F,30-34,Tx,1.0,1.0,1.0,1.0,1.0,1.0,1.0,1.0,1.0,1.0,0.0,0.0,,,,,,,,,,,,,,,,,,,,,,,,,,,,
1232,BC,Null,F,30-34,events,,,,,,,,,,,1.0,,,,,,,,,,,,,,,,,,,,,,,,,,,,,
1233,BC,Null,F,30-34,censored,,,,,,,,,,,,,,,,,,,,,,,,,,,,,,,,,,,,,,,,
1234,BC,Null,F,35-39,Tx,2.0,2.0,2.0,2.0,2.0,2.0,2.0,2.0,2.0,2.0,2.0,2.0,2.0,2.0,2.0,2.0,1.0,1.0,1.0,1.0,0.0,0.0,,,,,,,,,,,,,,,,,,
1235,BC,Null,F,35-39,events,,,,,,,,,,,,,,,,,1.0,,,,1.0,,,,,,,,,,,,,,,,,,,
1236,BC,Null,F,35-39,censored,,,,,,,,,,,,,,,,,,,,,,,,,,,,,,,,,,,,,,,,
1237,BC,Null,F,40-44,Tx,3.0,2.0,2.0,1.0,1.0,1.0,1.0,1.0,1.0,1.0,1.0,0.0,0.0,,,,,,,,,,,,,,,,,,,,,,,,,,,
1238,BC,Null,F,40-44,events,,1.0,,1.0,,,,,,,,1.0,,,,,,,,,,,,,,,,,,,,,,,,,,,,
1239,BC,Null,F,40-44,censored,,,,,,,,,,,,,,,,,,,,,,,,,,,,,,,,,,,,,,,,
1240,BC,Null,F,45-49,Tx,2.0,2.0,2.0,2.0,2.0,2.0,2.0,1.0,0.0,0.0,,,,,,,,,,,,,,,,,,,,,,,,,,,,,,
1241,BC,Null,F,45-49,events,,,,,,,,,,,,,,,,,,,,,,,,,,,,,,,,,,,,,,,,
1242,BC,Null,F,45-49,censored,,,,,,,,1.0,1.0,,,,,,,,,,,,,,,,,,,,,,,,,,,,,,,
1243,BC,Null,F,50-54,Tx,3.0,3.0,3.0,3.0,3.0,3.0,3.0,2.0,2.0,2.0,2.0,2.0,2.0,2.0,2.0,2.0,2.0,2.0,2.0,0.0,0.0,,,,,,,,,,,,,,,,,,,
1244,BC,Null,F,50-54,events,,,,,,,,,,,,,,,,,,,,2.0,,,,,,,,,,,,,,,,,,,,
1245,BC,Null,F,50-54,censored,,,,,,,,1.0,,,,,,,,,,,,,,,,,,,,,,,,,,,,,,,,
1246,BC,Null,F,55-59,Tx,3.0,3.0,3.0,2.0,2.0,2.0,2.0,2.0,1.0,1.0,1.0,1.0,1.0,1.0,1.0,1.0,1.0,1.0,1.0,1.0,1.0,1.0,0.0,0.0,,,,,,,,,,,,,,,,
1247,BC,Null,F,55-59,events,,,,1.0,,,,,,,,,,,,,,,,,,,,,,,,,,,,,,,,,,,,
1248,BC,Null,F,55-59,censored,,,,,,,,,1.0,,,,,,,,,,,,,,1.0,,,,,,,,,,,,,,,,,
1249,BC,Null,F,65+,Tx,5.0,5.0,5.0,4.0,4.0,4.0,3.0,1.0,1.0,1.0,1.0,1.0,1.0,1.0,1.0,1.0,1.0,1.0,1.0,1.0,1.0,1.0,1.0,1.0,1.0,1.0,0.0,0.0,,,,,,,,,,,,
1250,BC,Null,F,65+,events,,,,1.0,,,1.0,2.0,,,,,,,,,,,,,,,,,,,,,,,,,,,,,,,,
1251,BC,Null,F,65+,censored,,,,,,,,,,,,,,,,,,,,,,,,,,,1.0,,,,,,,,,,,,,
1255,BC,Null,M,40-44,Tx,1.0,1.0,1.0,1.0,0.0,0.0,,,,,,,,,,,,,,,,,,,,,,,,,,,,,,,,,,
1256,BC,Null,M,40-44,events,,,,,1.0,,,,,,,,,,,,,,,,,,,,,,,,,,,,,,,,,,,
1257,BC,Null,M,40-44,censored,,,,,,,,,,,,,,,,,,,,,,,,,,,,,,,,,,,,,,,,
1258,BC,Null,M,50-54,Tx,1.0,1.0,1.0,1.0,1.0,1.0,1.0,1.0,1.0,1.0,1.0,1.0,1.0,1.0,1.0,1.0,1.0,1.0,1.0,1.0,1.0,1.0,1.0,1.0,1.0,1.0,1.0,1.0,0.0,0.0,,,,,,,,,,
1259,BC,Null,M,50-54,events,,,,,,,,,,,,,,,,,,,,,,,,,,,,,,,,,,,,,,,,
1260,BC,Null,M,50-54,censored,,,,,,,,,,,,,,,,,,,,,,,,,,,,,1.0,,,,,,,,,,,
1261,BC,Null,M,55-59,Tx,1.0,1.0,1.0,1.0,1.0,1.0,1.0,1.0,1.0,1.0,1.0,1.0,1.0,1.0,1.0,1.0,1.0,1.0,1.0,1.0,1.0,1.0,1.0,1.0,1.0,1.0,0.0,0.0,,,,,,,,,,,,
1262,BC,Null,M,55-59,events,,,,,,,,,,,,,,,,,,,,,,,,,,,,,,,,,,,,,,,,
1263,BC,Null,M,55-59,censored,,,,,,,,,,,,,,,,,,,,,,,,,,,1.0,,,,,,,,,,,,,
1264,BC,Null,M,60-64,Tx,1.0,1.0,1.0,1.0,1.0,1.0,1.0,1.0,1.0,1.0,1.0,1.0,1.0,1.0,1.0,1.0,1.0,1.0,1.0,1.0,1.0,0.0,0.0,,,,,,,,,,,,,,,,,
1265,BC,Null,M,60-64,events,,,,,,,,,,,,,,,,,,,,,,,,,,,,,,,,,,,,,,,,
1266,BC,Null,M,60-64,censored,,,,,,,,,,,,,,,,,,,,,,1.0,,,,,,,,,,,,,,,,,,
1267,BC,Null,M,65+,Tx,2.0,1.0,1.0,1.0,1.0,1.0,1.0,1.0,1.0,1.0,1.0,1.0,1.0,1.0,1.0,1.0,1.0,1.0,1.0,1.0,1.0,1.0,1.0,1.0,1.0,1.0,0.0,0.0,,,,,,,,,,,,
1268,BC,Null,M,65+,events,,1.0,,,,,,,,,,,,,,,,,,,,,,,,,,,,,,,,,,,,,,
1269,BC,Null,M,65+,censored,,,,,,,,,,,,,,,,,,,,,,,,,,,1.0,,,,,,,,,,,,,
1294,BC,Yes,F,20-24,Tx,1.0,1.0,0.0,0.0,,,,,,,,,,,,,,,,,,,,,,,,,,,,,,,,,,,,
1295,BC,Yes,F,20-24,events,,,1.0,,,,,,,,,,,,,,,,,,,,,,,,,,,,,,,,,,,,,
1296,BC,Yes,F,20-24,censored,,,,,,,,,,,,,,,,,,,,,,,,,,,,,,,,,,,,,,,,
1297,BC,Yes,F,40-44,Tx,2.0,2.0,2.0,2.0,2.0,2.0,2.0,2.0,2.0,2.0,2.0,2.0,2.0,2.0,2.0,2.0,2.0,2.0,2.0,2.0,2.0,2.0,2.0,1.0,0.0,0.0,,,,,,,,,,,,,,
1298,BC,Yes,F,40-44,events,,,,,,,,,,,,,,,,,,,,,,,,,1.0,,,,,,,,,,,,,,,
1299,BC,Yes,F,40-44,censored,,,,,,,,,,,,,,,,,,,,,,,,1.0,,,,,,,,,,,,,,,,
1300,BC,Yes,F,50-54,Tx,1.0,0.0,0.0,,,,,,,,,,,,,,,,,,,,,,,,,,,,,,,,,,,,,
1301,BC,Yes,F,50-54,events,,,,,,,,,,,,,,,,,,,,,,,,,,,,,,,,,,,,,,,,
1302,BC,Yes,F,50-54,censored,,1.0,,,,,,,,,,,,,,,,,,,,,,,,,,,,,,,,,,,,,,
1303,BC,Yes,F,55-59,Tx,3.0,3.0,2.0,2.0,2.0,2.0,2.0,2.0,2.0,2.0,1.0,1.0,1.0,1.0,1.0,1.0,0.0,0.0,,,,,,,,,,,,,,,,,,,,,,
1304,BC,Yes,F,55-59,events,,,1.0,,,,,,,,,,,,,,1.0,,,,,,,,,,,,,,,,,,,,,,,
1305,BC,Yes,F,55-59,censored,,,,,,,,,,,1.0,,,,,,,,,,,,,,,,,,,,,,,,,,,,,
1306,BC,Yes,F,60-64,Tx,1.0,1.0,1.0,1.0,1.0,1.0,1.0,1.0,1.0,0.0,0.0,,,,,,,,,,,,,,,,,,,,,,,,,,,,,
1307,BC,Yes,F,60-64,events,,,,,,,,,,,,,,,,,,,,,,,,,,,,,,,,,,,,,,,,
1308,BC,Yes,F,60-64,censored,,,,,,,,,,1.0,,,,,,,,,,,,,,,,,,,,,,,,,,,,,,
1309,BC,Yes,F,65+,Tx,4.0,2.0,2.0,2.0,2.0,2.0,2.0,2.0,2.0,2.0,2.0,2.0,2.0,2.0,2.0,2.0,2.0,2.0,2.0,2.0,2.0,2.0,2.0,1.0,1.0,1.0,1.0,1.0,1.0,0.0,0.0,,,,,,,,,
1310,BC,Yes,F,65+,events,,,,,,,,,,,,,,,,,,,,,,,,,,,,,,,,,,,,,,,,
1311,BC,Yes,F,65+,censored,,2.0,,,,,,,,,,,,,,,,,,,,,,1.0,,,,,,1.0,,,,,,,,,,
1315,BC,Yes,M,40-44,Tx,1.0,1.0,1.0,1.0,1.0,1.0,1.0,1.0,1.0,1.0,1.0,1.0,1.0,1.0,1.0,1.0,1.0,1.0,1.0,1.0,1.0,1.0,1.0,1.0,1.0,1.0,1.0,1.0,1.0,0.0,0.0,,,,,,,,,
1316,BC,Yes,M,40-44,events,,,,,,,,,,,,,,,,,,,,,,,,,,,,,,1.0,,,,,,,,,,
1317,BC,Yes,M,40-44,censored,,,,,,,,,,,,,,,,,,,,,,,,,,,,,,,,,,,,,,,,
1318,BC,Yes,M,55-59,Tx,1.0,1.0,1.0,1.0,1.0,0.0,0.0,,,,,,,,,,,,,,,,,,,,,,,,,,,,,,,,,
1319,BC,Yes,M,55-59,events,,,,,,,,,,,,,,,,,,,,,,,,,,,,,,,,,,,,,,,,
1320,BC,Yes,M,55-59,censored,,,,,,1.0,,,,,,,,,,,,,,,,,,,,,,,,,,,,,,,,,,
1321,BC,Yes,M,60-64,Tx,3.0,3.0,3.0,3.0,3.0,3.0,3.0,3.0,3.0,2.0,2.0,2.0,2.0,2.0,1.0,1.0,1.0,1.0,0.0,0.0,,,,,,,,,,,,,,,,,,,,
1322,BC,Yes,M,60-64,events,,,,,,,,,,,,,,,1.0,,,,,,,,,,,,,,,,,,,,,,,,,
1323,BC,Yes,M,60-64,censored,,,,,,,,,,1.0,,,,,,,,,1.0,,,,,,,,,,,,,,,,,,,,,
1324,BC,Yes,M,65+,Tx,2.0,2.0,2.0,2.0,2.0,2.0,2.0,2.0,2.0,2.0,2.0,2.0,2.0,1.0,1.0,1.0,1.0,1.0,0.0,0.0,,,,,,,,,,,,,,,,,,,,
1325,BC,Yes,M,65+,events,,,,,,,,,,,,,,,,,,,,,,,,,,,,,,,,,,,,,,,,
1326,BC,Yes,M,65+,censored,,,,,,,,,,,,,,1.0,,,,,1.0,,,,,,,,,,,,,,,,,,,,,
1471,ON,No,F,20-24,Tx,3.0,3.0,3.0,3.0,3.0,2.0,2.0,2.0,1.0,1.0,1.0,1.0,0.0,0.0,,,,,,,,,,,,,,,,,,,,,,,,,,
1472,ON,No,F,20-24,events,,,,,,,,,1.0,,,,1.0,,,,,,,,,,,,,,,,,,,,,,,,,,,
1473,ON,No,F,20-24,censored,,,,,,1.0,,,,,,,,,,,,,,,,,,,,,,,,,,,,,,,,,,
1474,ON,No,F,25-29,Tx,4.0,3.0,3.0,3.0,3.0,3.0,3.0,2.0,2.0,0.0,0.0,,,,,,,,,,,,,,,,,,,,,,,,,,,,,
1475,ON,No,F,25-29,events,,1.0,,,,,,1.0,,1.0,,,,,,,,,,,,,,,,,,,,,,,,,,,,,,
1476,ON,No,F,25-29,censored,,,,,,,,,,1.0,,,,,,,,,,,,,,,,,,,,,,,,,,,,,,
1477,ON,No,F,30-34,Tx,5.0,4.0,4.0,4.0,3.0,3.0,3.0,2.0,2.0,2.0,2.0,2.0,2.0,2.0,2.0,2.0,2.0,2.0,2.0,2.0,2.0,2.0,2.0,2.0,2.0,2.0,2.0,2.0,1.0,1.0,1.0,1.0,1.0,1.0,1.0,1.0,1.0,1.0,1.0,1.0
1478,ON,No,F,30-34,events,,1.0,,,1.0,,,,,,,,,,,,,,,,,,,,,,,,,,,,,,,,,,,
1479,ON,No,F,30-34,censored,,,,,,,,1.0,,,,,,,,,,,,,,,,,,,,,1.0,,,,,,,,,,,
1480,ON,No,F,35-39,Tx,13.0,12.0,11.0,10.0,9.0,9.0,9.0,8.0,8.0,7.0,5.0,4.0,3.0,3.0,3.0,3.0,1.0,1.0,1.0,1.0,1.0,1.0,1.0,1.0,1.0,1.0,1.0,1.0,1.0,1.0,1.0,1.0,0.0,0.0,,,,,,
1481,ON,No,F,35-39,events,,1.0,,,1.0,,,,,,1.0,,,,,,,,,,,,,,,,,,,,,,,,,,,,,
1482,ON,No,F,35-39,censored,,,1.0,1.0,,,,1.0,,1.0,1.0,1.0,1.0,,,,2.0,,,,,,,,,,,,,,,,1.0,,,,,,,
1483,ON,No,F,40-44,Tx,29.0,27.0,26.0,25.0,24.0,21.0,20.0,20.0,19.0,18.0,16.0,13.0,12.0,12.0,7.0,7.0,7.0,3.0,3.0,2.0,2.0,2.0,1.0,1.0,1.0,0.0,0.0,,,,,,,,,,,,,
1484,ON,No,F,40-44,events,,2.0,,,1.0,2.0,,,,1.0,2.0,,,,,,,,,,,,1.0,,,,,,,,,,,,,,,,,
1485,ON,No,F,40-44,censored,,,1.0,1.0,,1.0,1.0,,1.0,,,3.0,1.0,,5.0,,,4.0,,1.0,,,,,,1.0,,,,,,,,,,,,,,
1486,ON,No,F,45-49,Tx,30.0,25.0,24.0,24.0,21.0,21.0,20.0,18.0,18.0,17.0,17.0,15.0,10.0,10.0,6.0,6.0,6.0,6.0,6.0,4.0,3.0,2.0,2.0,1.0,1.0,1.0,1.0,0.0,0.0,,,,,,,,,,,
1487,ON,No,F,45-49,events,,2.0,,,2.0,,1.0,2.0,,1.0,,1.0,1.0,,1.0,,,,,1.0,,,,,,,,,,,,,,,,,,,,
1488,ON,No,F,45-49,censored,,3.0,1.0,,1.0,,,,,,,1.0,4.0,,3.0,,,,,1.0,1.0,1.0,,1.0,,,,1.0,,,,,,,,,,,,
1489,ON,No,F,50-54,Tx,58.0,53.0,49.0,49.0,44.0,41.0,39.0,36.0,34.0,33.0,31.0,29.0,24.0,22.0,20.0,18.0,14.0,14.0,13.0,12.0,12.0,12.0,11.0,11.0,10.0,10.0,9.0,8.0,6.0,3.0,3.0,3.0,3.0,2.0,2.0,2.0,1.0,0.0,0.0,
1490,ON,No,F,50-54,events,,3.0,1.0,,2.0,2.0,,2.0,1.0,1.0,2.0,2.0,2.0,,,2.0,,,,1.0,,,1.0,,,,,,,,,,,1.0,,,,,,
1491,ON,No,F,50-54,censored,,2.0,3.0,,3.0,1.0,2.0,1.0,1.0,,,,3.0,2.0,2.0,,4.0,,1.0,,,,,,1.0,,1.0,1.0,2.0,3.0,,,,,,,1.0,1.0,,
1492,ON,No,F,55-59,Tx,45.0,37.0,34.0,32.0,26.0,25.0,22.0,21.0,20.0,19.0,18.0,16.0,16.0,15.0,15.0,14.0,14.0,12.0,12.0,11.0,11.0,10.0,10.0,10.0,10.0,9.0,6.0,6.0,4.0,2.0,2.0,1.0,1.0,1.0,1.0,1.0,1.0,1.0,0.0,0.0
1493,ON,No,F,55-59,events,,8.0,2.0,1.0,4.0,1.0,1.0,,,1.0,,2.0,,,,1.0,,,,,,,,,,,,,,,,,,,,,,,,
1494,ON,No,F,55-59,censored,,,1.0,1.0,2.0,,2.0,1.0,1.0,,1.0,,,1.0,,,,2.0,,1.0,,1.0,,,,1.0,3.0,,2.0,2.0,,1.0,,,,,,,1.0,
1495,ON,No,F,60-64,Tx,40.0,34.0,32.0,28.0,27.0,23.0,21.0,20.0,19.0,18.0,18.0,16.0,13.0,13.0,13.0,12.0,11.0,10.0,9.0,8.0,7.0,7.0,7.0,7.0,6.0,4.0,3.0,3.0,2.0,1.0,1.0,1.0,1.0,1.0,0.0,0.0,,,,
1496,ON,No,F,60-64,events,,4.0,,1.0,,2.0,1.0,,,,,1.0,2.0,,,1.0,,1.0,,,,,,,,1.0,,,,,,,,,1.0,,,,,
1497,ON,No,F,60-64,censored,,2.0,2.0,3.0,1.0,2.0,1.0,1.0,1.0,1.0,,1.0,1.0,,,,1.0,,1.0,1.0,1.0,,,,1.0,1.0,1.0,,1.0,1.0,,,,,,,,,,
1498,ON,No,F,65+,Tx,38.0,33.0,30.0,30.0,30.0,29.0,29.0,26.0,22.0,20.0,15.0,14.0,13.0,13.0,10.0,10.0,8.0,7.0,7.0,6.0,6.0,6.0,6.0,4.0,4.0,4.0,3.0,3.0,3.0,2.0,2.0,2.0,2.0,2.0,2.0,1.0,0.0,0.0,,
1499,ON,No,F,65+,events,,4.0,3.0,,,1.0,,3.0,4.0,2.0,5.0,1.0,1.0,,2.0,,,,,,,,,,,,,,,,,,,,,,,,,
1500,ON,No,F,65+,censored,,1.0,,,,,,,,,,,,,1.0,,2.0,1.0,,1.0,,,,2.0,,,1.0,,,1.0,,,,,,1.0,1.0,,,
1504,ON,No,M,20-24,Tx,3.0,3.0,3.0,3.0,3.0,2.0,2.0,2.0,2.0,2.0,2.0,2.0,2.0,2.0,2.0,2.0,2.0,2.0,1.0,1.0,1.0,1.0,1.0,1.0,1.0,1.0,1.0,1.0,1.0,1.0,1.0,1.0,1.0,1.0,1.0,0.0,0.0,,,
1505,ON,No,M,20-24,events,,,,,,1.0,,,,,,,,,,,,,1.0,,,,,,,,,,,,,,,,,,,,,
1506,ON,No,M,20-24,censored,,,,,,,,,,,,,,,,,,,,,,,,,,,,,,,,,,,,1.0,,,,
1507,ON,No,M,25-29,Tx,3.0,2.0,2.0,2.0,2.0,2.0,2.0,2.0,2.0,1.0,0.0,0.0,,,,,,,,,,,,,,,,,,,,,,,,,,,,
1508,ON,No,M,25-29,events,,,,,,,,,,1.0,1.0,,,,,,,,,,,,,,,,,,,,,,,,,,,,,
1509,ON,No,M,25-29,censored,,1.0,,,,,,,,,,,,,,,,,,,,,,,,,,,,,,,,,,,,,,
1510,ON,No,M,30-34,Tx,5.0,4.0,4.0,4.0,4.0,4.0,4.0,4.0,3.0,3.0,3.0,3.0,2.0,2.0,2.0,2.0,2.0,2.0,2.0,2.0,2.0,1.0,1.0,0.0,0.0,,,,,,,,,,,,,,,
1511,ON,No,M,30-34,events,,,,,,,,,,,,,1.0,,,,,,,,,,,,,,,,,,,,,,,,,,,
1512,ON,No,M,30-34,censored,,1.0,,,,,,,1.0,,,,,,,,,,,,,1.0,,1.0,,,,,,,,,,,,,,,,
1513,ON,No,M,35-39,Tx,15.0,15.0,15.0,14.0,14.0,13.0,13.0,12.0,10.0,10.0,9.0,6.0,6.0,6.0,5.0,4.0,4.0,2.0,2.0,1.0,1.0,1.0,1.0,1.0,1.0,1.0,1.0,1.0,0.0,0.0,,,,,,,,,,
1514,ON,No,M,35-39,events,,,,,,,,,2.0,,1.0,3.0,,,,,,1.0,,,,,,,,,,,,,,,,,,,,,,
1515,ON,No,M,35-39,censored,,,,1.0,,1.0,,1.0,,,,,,,1.0,1.0,,1.0,,1.0,,,,,,,,,1.0,,,,,,,,,,,
1516,ON,No,M,40-44,Tx,14.0,13.0,12.0,11.0,9.0,8.0,8.0,8.0,7.0,7.0,6.0,5.0,4.0,3.0,3.0,2.0,2.0,1.0,1.0,1.0,1.0,1.0,1.0,1.0,1.0,1.0,1.0,1.0,0.0,0.0,,,,,,,,,,
1517,ON,No,M,40-44,events,,1.0,,1.0,1.0,,,,1.0,,1.0,,1.0,,,,,,,,,,,,,,,,,,,,,,,,,,,
1518,ON,No,M,40-44,censored,,,1.0,,1.0,1.0,,,,,,1.0,,1.0,,1.0,,1.0,,,,,,,,,,,1.0,,,,,,,,,,,
1519,ON,No,M,45-49,Tx,33.0,27.0,26.0,23.0,21.0,18.0,18.0,16.0,14.0,14.0,13.0,12.0,11.0,11.0,10.0,10.0,8.0,8.0,6.0,5.0,5.0,5.0,5.0,5.0,5.0,3.0,2.0,2.0,1.0,1.0,1.0,0.0,0.0,,,,,,,
1520,ON,No,M,45-49,events,,4.0,,2.0,,3.0,,2.0,,,1.0,,,,,,,,1.0,1.0,,,,,,1.0,,,,,,,,,,,,,,
1521,ON,No,M,45-49,censored,,2.0,1.0,1.0,2.0,,,,2.0,,,1.0,1.0,,1.0,,2.0,,1.0,,,,,,,1.0,1.0,,1.0,,,1.0,,,,,,,,
1522,ON,No,M,50-54,Tx,33.0,29.0,26.0,24.0,24.0,22.0,20.0,19.0,18.0,17.0,16.0,16.0,15.0,14.0,13.0,13.0,12.0,12.0,11.0,10.0,8.0,8.0,8.0,7.0,7.0,7.0,6.0,5.0,3.0,3.0,3.0,3.0,3.0,3.0,3.0,3.0,2.0,2.0,0.0,0.0
1523,ON,No,M,50-54,events,,3.0,2.0,1.0,,2.0,,1.0,,,1.0,,,,,,,,,,1.0,,,,,,,,1.0,,,,,,,,,,,
1524,ON,No,M,50-54,censored,,1.0,1.0,1.0,,,2.0,,1.0,1.0,,,1.0,1.0,1.0,,1.0,,1.0,1.0,1.0,,,1.0,,,1.0,1.0,1.0,,,,,,,,1.0,,2.0,
1525,ON,No,M,55-59,Tx,61.0,54.0,50.0,48.0,44.0,41.0,38.0,32.0,28.0,26.0,23.0,21.0,20.0,19.0,18.0,17.0,17.0,15.0,15.0,14.0,14.0,13.0,13.0,12.0,11.0,10.0,9.0,9.0,8.0,5.0,4.0,3.0,3.0,3.0,2.0,1.0,1.0,0.0,0.0,
1526,ON,No,M,55-59,events,,6.0,1.0,,2.0,1.0,2.0,3.0,2.0,,2.0,2.0,,1.0,,,,1.0,,1.0,,,,,,,,,,1.0,,1.0,,,,,,,,
1527,ON,No,M,55-59,censored,,1.0,3.0,2.0,2.0,2.0,1.0,3.0,2.0,2.0,1.0,,1.0,,1.0,1.0,,1.0,,,,1.0,,1.0,1.0,1.0,1.0,,1.0,2.0,1.0,,,,1.0,1.0,,1.0,,
1528,ON,No,M,60-64,Tx,39.0,36.0,35.0,35.0,33.0,32.0,32.0,27.0,23.0,22.0,18.0,15.0,14.0,14.0,14.0,12.0,11.0,11.0,8.0,7.0,6.0,4.0,2.0,2.0,2.0,2.0,2.0,1.0,1.0,1.0,1.0,1.0,1.0,1.0,1.0,0.0,0.0,,,
1529,ON,No,M,60-64,events,,2.0,,,1.0,1.0,,3.0,3.0,1.0,3.0,1.0,1.0,,,1.0,,,,,,,,,,,,,,,,,,,,,,,,
1530,ON,No,M,60-64,censored,,1.0,1.0,,1.0,,,2.0,1.0,,1.0,2.0,,,,1.0,1.0,,3.0,1.0,1.0,2.0,2.0,,,,,1.0,,,,,,,,1.0,,,,
1531,ON,No,M,65+,Tx,34.0,31.0,28.0,23.0,21.0,21.0,19.0,15.0,14.0,13.0,11.0,9.0,8.0,8.0,7.0,7.0,6.0,5.0,5.0,4.0,4.0,4.0,3.0,3.0,2.0,1.0,1.0,0.0,0.0,,,,,,,,,,,
1532,ON,No,M,65+,events,,3.0,3.0,4.0,,,2.0,4.0,1.0,1.0,1.0,1.0,,,,,,1.0,,,,,,,,,,,,,,,,,,,,,,
1533,ON,No,M,65+,censored,,,,1.0,2.0,,,,,,1.0,1.0,1.0,,1.0,,1.0,,,1.0,,,1.0,,1.0,1.0,,1.0,,,,,,,,,,,,
1573,ON,Null,F,18-19,Tx,1.0,1.0,1.0,1.0,1.0,1.0,1.0,1.0,1.0,0.0,0.0,,,,,,,,,,,,,,,,,,,,,,,,,,,,,
1574,ON,Null,F,18-19,events,,,,,,,,,,1.0,,,,,,,,,,,,,,,,,,,,,,,,,,,,,,
1575,ON,Null,F,18-19,censored,,,,,,,,,,,,,,,,,,,,,,,,,,,,,,,,,,,,,,,,
1576,ON,Null,F,20-24,Tx,2.0,2.0,2.0,2.0,2.0,2.0,1.0,1.0,1.0,1.0,0.0,0.0,,,,,,,,,,,,,,,,,,,,,,,,,,,,
1577,ON,Null,F,20-24,events,,,,,,,1.0,,,,1.0,,,,,,,,,,,,,,,,,,,,,,,,,,,,,
1578,ON,Null,F,20-24,censored,,,,,,,,,,,,,,,,,,,,,,,,,,,,,,,,,,,,,,,,
1579,ON,Null,F,30-34,Tx,2.0,2.0,2.0,2.0,2.0,2.0,2.0,1.0,1.0,1.0,1.0,1.0,1.0,0.0,0.0,,,,,,,,,,,,,,,,,,,,,,,,,
1580,ON,Null,F,30-34,events,,,,,,,,,,,,,,,,,,,,,,,,,,,,,,,,,,,,,,,,
1581,ON,Null,F,30-34,censored,,,,,,,,1.0,,,,,,1.0,,,,,,,,,,,,,,,,,,,,,,,,,,
1582,ON,Null,F,35-39,Tx,1.0,1.0,1.0,0.0,0.0,,,,,,,,,,,,,,,,,,,,,,,,,,,,,,,,,,,
1583,ON,Null,F,35-39,events,,,,,,,,,,,,,,,,,,,,,,,,,,,,,,,,,,,,,,,,
1584,ON,Null,F,35-39,censored,,,,1.0,,,,,,,,,,,,,,,,,,,,,,,,,,,,,,,,,,,,
1585,ON,Null,F,40-44,Tx,9.0,7.0,7.0,6.0,5.0,4.0,4.0,4.0,4.0,4.0,4.0,4.0,4.0,4.0,4.0,4.0,4.0,4.0,4.0,3.0,3.0,3.0,2.0,1.0,1.0,0.0,0.0,,,,,,,,,,,,,
1586,ON,Null,F,40-44,events,,1.0,,,1.0,,,,,,,,,,,,,,,1.0,,,,,,,,,,,,,,,,,,,,
1587,ON,Null,F,40-44,censored,,1.0,,1.0,,1.0,,,,,,,,,,,,,,,,,1.0,1.0,,1.0,,,,,,,,,,,,,,
1588,ON,Null,F,45-49,Tx,5.0,5.0,5.0,2.0,1.0,1.0,1.0,1.0,0.0,0.0,,,,,,,,,,,,,,,,,,,,,,,,,,,,,,
1589,ON,Null,F,45-49,events,,,,1.0,,,,,,,,,,,,,,,,,,,,,,,,,,,,,,,,,,,,
1590,ON,Null,F,45-49,censored,,,,2.0,1.0,,,,1.0,,,,,,,,,,,,,,,,,,,,,,,,,,,,,,,
1591,ON,Null,F,50-54,Tx,6.0,6.0,6.0,5.0,5.0,5.0,5.0,4.0,4.0,4.0,4.0,4.0,4.0,4.0,4.0,3.0,3.0,3.0,3.0,3.0,3.0,3.0,3.0,3.0,0.0,0.0,,,,,,,,,,,,,,
1592,ON,Null,F,50-54,events,,,,1.0,,,,,,,,,,,,,,,,,,,,,2.0,,,,,,,,,,,,,,,
1593,ON,Null,F,50-54,censored,,,,,,,,1.0,,,,,,,,1.0,,,,,,,,,1.0,,,,,,,,,,,,,,,
1594,ON,Null,F,55-59,Tx,8.0,5.0,4.0,4.0,4.0,3.0,2.0,2.0,2.0,2.0,2.0,2.0,2.0,2.0,2.0,2.0,2.0,2.0,1.0,0.0,0.0,,,,,,,,,,,,,,,,,,,
1595,ON,Null,F,55-59,events,,3.0,1.0,,,1.0,1.0,,,,,,,,,,,,,,,,,,,,,,,,,,,,,,,,,
1596,ON,Null,F,55-59,censored,,,,,,,,,,,,,,,,,,,1.0,1.0,,,,,,,,,,,,,,,,,,,,
1597,ON,Null,F,60-64,Tx,6.0,4.0,4.0,4.0,4.0,4.0,4.0,4.0,4.0,4.0,3.0,3.0,3.0,2.0,1.0,1.0,1.0,1.0,1.0,1.0,0.0,0.0,,,,,,,,,,,,,,,,,,
1598,ON,Null,F,60-64,events,,2.0,,,,,,,,,1.0,,,,,,,,,,,,,,,,,,,,,,,,,,,,,
1599,ON,Null,F,60-64,censored,,,,,,,,,,,,,,1.0,1.0,,,,,,1.0,,,,,,,,,,,,,,,,,,,
1603,ON,Null,M,18-19,Tx,2.0,2.0,2.0,2.0,2.0,2.0,2.0,2.0,2.0,1.0,1.0,1.0,1.0,1.0,1.0,0.0,0.0,,,,,,,,,,,,,,,,,,,,,,,
1604,ON,Null,M,18-19,events,,,,,,,,,,,,,,,,,,,,,,,,,,,,,,,,,,,,,,,,
1605,ON,Null,M,18-19,censored,,,,,,,,,,1.0,,,,,,1.0,,,,,,,,,,,,,,,,,,,,,,,,
1606,ON,Null,M,25-29,Tx,2.0,2.0,2.0,2.0,2.0,2.0,2.0,1.0,1.0,1.0,0.0,0.0,,,,,,,,,,,,,,,,,,,,,,,,,,,,
1607,ON,Null,M,25-29,events,,,,,,,,,,,1.0,,,,,,,,,,,,,,,,,,,,,,,,,,,,,
1608,ON,Null,M,25-29,censored,,,,,,,,1.0,,,,,,,,,,,,,,,,,,,,,,,,,,,,,,,,
1609,ON,Null,M,30-34,Tx,3.0,3.0,3.0,2.0,2.0,2.0,1.0,1.0,1.0,1.0,1.0,1.0,1.0,1.0,1.0,1.0,1.0,1.0,1.0,0.0,0.0,,,,,,,,,,,,,,,,,,,
1610,ON,Null,M,30-34,events,,,,1.0,,,1.0,,,,,,,,,,,,,1.0,,,,,,,,,,,,,,,,,,,,
1611,ON,Null,M,30-34,censored,,,,,,,,,,,,,,,,,,,,,,,,,,,,,,,,,,,,,,,,
1612,ON,Null,M,35-39,Tx,4.0,4.0,3.0,3.0,3.0,3.0,3.0,3.0,3.0,3.0,3.0,2.0,2.0,2.0,2.0,2.0,2.0,2.0,2.0,2.0,2.0,2.0,2.0,2.0,2.0,2.0,2.0,2.0,1.0,1.0,1.0,1.0,1.0,1.0,1.0,1.0,1.0,1.0,0.0,0.0
1613,ON,Null,M,35-39,events,,,1.0,,,,,,,,,1.0,,,,,,,,,,,,,,,,,,,,,,,,,,,,
1614,ON,Null,M,35-39,censored,,,,,,,,,,,,,,,,,,,,,,,,,,,,,1.0,,,,,,,,,,1.0,
1615,ON,Null,M,40-44,Tx,4.0,4.0,4.0,4.0,4.0,4.0,4.0,3.0,3.0,2.0,2.0,2.0,2.0,1.0,1.0,1.0,1.0,1.0,1.0,1.0,1.0,1.0,1.0,1.0,1.0,1.0,0.0,0.0,,,,,,,,,,,,
1616,ON,Null,M,40-44,events,,,,,,,,1.0,,1.0,,,,,,,,,,,,,,,,,,,,,,,,,,,,,,
1617,ON,Null,M,40-44,censored,,,,,,,,,,,,,,1.0,,,,,,,,,,,,,1.0,,,,,,,,,,,,,
1618,ON,Null,M,45-49,Tx,3.0,3.0,3.0,3.0,2.0,2.0,1.0,1.0,1.0,1.0,1.0,0.0,0.0,,,,,,,,,,,,,,,,,,,,,,,,,,,
1619,ON,Null,M,45-49,events,,,,,,,1.0,,,,,,,,,,,,,,,,,,,,,,,,,,,,,,,,,
1620,ON,Null,M,45-49,censored,,,,,1.0,,,,,,,1.0,,,,,,,,,,,,,,,,,,,,,,,,,,,,
1621,ON,Null,M,50-54,Tx,3.0,2.0,2.0,2.0,2.0,2.0,2.0,2.0,2.0,2.0,1.0,1.0,1.0,1.0,1.0,1.0,1.0,1.0,1.0,1.0,1.0,0.0,0.0,,,,,,,,,,,,,,,,,
1622,ON,Null,M,50-54,events,,,,,,,,,,,,,,,,,,,,,,,,,,,,,,,,,,,,,,,,
1623,ON,Null,M,50-54,censored,,1.0,,,,,,,,,1.0,,,,,,,,,,,1.0,,,,,,,,,,,,,,,,,,
1624,ON,Null,M,55-59,Tx,7.0,6.0,6.0,6.0,6.0,6.0,6.0,6.0,4.0,4.0,4.0,4.0,4.0,4.0,2.0,1.0,1.0,1.0,1.0,1.0,1.0,0.0,0.0,,,,,,,,,,,,,,,,,
1625,ON,Null,M,55-59,events,,,,,,,,,1.0,,,,,,,,,,,,,,,,,,,,,,,,,,,,,,,
1626,ON,Null,M,55-59,censored,,1.0,,,,,,,1.0,,,,,,2.0,1.0,,,,,,1.0,,,,,,,,,,,,,,,,,,
1627,ON,Null,M,60-64,Tx,6.0,6.0,6.0,6.0,6.0,6.0,6.0,6.0,6.0,5.0,5.0,5.0,4.0,4.0,4.0,3.0,3.0,3.0,3.0,3.0,2.0,2.0,2.0,1.0,1.0,0.0,0.0,,,,,,,,,,,,,
1628,ON,Null,M,60-64,events,,,,,,,,,,,,,,,,,,,,,,,,,,,,,,,,,,,,,,,,
1629,ON,Null,M,60-64,censored,,,,,,,,,,1.0,,,1.0,,,1.0,,,,,1.0,,,1.0,,1.0,,,,,,,,,,,,,,
1630,ON,Null,M,65+,Tx,3.0,3.0,3.0,3.0,3.0,3.0,2.0,2.0,2.0,1.0,1.0,1.0,1.0,1.0,1.0,1.0,1.0,1.0,0.0,0.0,,,,,,,,,,,,,,,,,,,,
1631,ON,Null,M,65+,events,,,,,,,1.0,,,1.0,,,,,,,,,,,,,,,,,,,,,,,,,,,,,,
1632,ON,Null,M,65+,censored,,,,,,,,,,,,,,,,,,,1.0,,,,,,,,,,,,,,,,,,,,,
1669,ON,Yes,F,30-34,Tx,4.0,4.0,3.0,3.0,2.0,2.0,2.0,2.0,2.0,2.0,2.0,2.0,2.0,2.0,1.0,1.0,1.0,1.0,1.0,1.0,0.0,0.0,,,,,,,,,,,,,,,,,,
1670,ON,Yes,F,30-34,events,,,,,1.0,,,,,,,,,,,,,,,,1.0,,,,,,,,,,,,,,,,,,,
1671,ON,Yes,F,30-34,censored,,,1.0,,,,,,,,,,,,1.0,,,,,,,,,,,,,,,,,,,,,,,,,
1672,ON,Yes,F,35-39,Tx,3.0,2.0,2.0,2.0,2.0,2.0,2.0,2.0,1.0,1.0,1.0,1.0,1.0,0.0,0.0,,,,,,,,,,,,,,,,,,,,,,,,,
1673,ON,Yes,F,35-39,events,,,,,,,,,,,,,,1.0,,,,,,,,,,,,,,,,,,,,,,,,,,
1674,ON,Yes,F,35-39,censored,,1.0,,,,,,,1.0,,,,,,,,,,,,,,,,,,,,,,,,,,,,,,,
1675,ON,Yes,F,40-44,Tx,8.0,8.0,7.0,5.0,5.0,4.0,4.0,2.0,2.0,2.0,2.0,1.0,1.0,1.0,1.0,1.0,1.0,1.0,0.0,0.0,,,,,,,,,,,,,,,,,,,,
1676,ON,Yes,F,40-44,events,,,,2.0,,1.0,,1.0,,,,1.0,,,,,,,,,,,,,,,,,,,,,,,,,,,,
1677,ON,Yes,F,40-44,censored,,,1.0,,,,,1.0,,,,,,,,,,,1.0,,,,,,,,,,,,,,,,,,,,,
1678,ON,Yes,F,45-49,Tx,6.0,6.0,6.0,5.0,4.0,4.0,3.0,2.0,2.0,2.0,2.0,2.0,2.0,2.0,2.0,2.0,2.0,2.0,2.0,2.0,2.0,2.0,1.0,1.0,1.0,1.0,1.0,1.0,1.0,1.0,1.0,1.0,1.0,1.0,1.0,0.0,0.0,,,
1679,ON,Yes,F,45-49,events,,,,1.0,,,1.0,,,,,,,,,,,,,,,,1.0,,,,,,,,,,,,,,,,,
1680,ON,Yes,F,45-49,censored,,,,,1.0,,,1.0,,,,,,,,,,,,,,,,,,,,,,,,,,,,1.0,,,,
1681,ON,Yes,F,50-54,Tx,8.0,8.0,8.0,8.0,7.0,7.0,5.0,5.0,4.0,4.0,4.0,4.0,4.0,4.0,4.0,3.0,3.0,3.0,2.0,2.0,2.0,2.0,2.0,2.0,1.0,1.0,1.0,1.0,1.0,0.0,0.0,,,,,,,,,
1682,ON,Yes,F,50-54,events,,,,,1.0,,2.0,,1.0,,,,,,,,,,1.0,,,,,,,,,,,,,,,,,,,,,
1683,ON,Yes,F,50-54,censored,,,,,,,,,,,,,,,,1.0,,,,,,,,,1.0,,,,,1.0,,,,,,,,,,
1684,ON,Yes,F,55-59,Tx,14.0,13.0,12.0,11.0,11.0,9.0,9.0,9.0,9.0,8.0,8.0,8.0,8.0,7.0,6.0,6.0,6.0,4.0,4.0,4.0,4.0,4.0,4.0,1.0,1.0,1.0,1.0,1.0,1.0,1.0,0.0,0.0,,,,,,,,
1685,ON,Yes,F,55-59,events,,1.0,1.0,1.0,,,,,,,,,,,1.0,,,,,,,,,2.0,,,,,,,,,,,,,,,,
1686,ON,Yes,F,55-59,censored,,,,,,2.0,,,,1.0,,,,1.0,,,,2.0,,,,,,1.0,,,,,,,1.0,,,,,,,,,
1687,ON,Yes,F,60-64,Tx,9.0,9.0,9.0,8.0,8.0,7.0,7.0,6.0,4.0,4.0,4.0,4.0,4.0,4.0,3.0,3.0,3.0,3.0,3.0,3.0,3.0,3.0,2.0,2.0,1.0,1.0,1.0,0.0,0.0,,,,,,,,,,,
1688,ON,Yes,F,60-64,events,,,,,,1.0,,1.0,1.0,,,,,,,,,,,,,,1.0,,,,,,,,,,,,,,,,,
1689,ON,Yes,F,60-64,censored,,,,1.0,,,,,1.0,,,,,,1.0,,,,,,,,,,1.0,,,1.0,,,,,,,,,,,,
1690,ON,Yes,F,65+,Tx,4.0,4.0,3.0,3.0,3.0,3.0,3.0,3.0,3.0,3.0,3.0,3.0,3.0,2.0,1.0,1.0,1.0,1.0,1.0,0.0,0.0,,,,,,,,,,,,,,,,,,,
1691,ON,Yes,F,65+,events,,,,,,,,,,,,,,,1.0,,,,,1.0,,,,,,,,,,,,,,,,,,,,
1692,ON,Yes,F,65+,censored,,,1.0,,,,,,,,,,,1.0,,,,,,,,,,,,,,,,,,,,,,,,,,
1696,ON,Yes,M,20-24,Tx,1.0,1.0,1.0,1.0,1.0,1.0,1.0,1.0,1.0,1.0,0.0,0.0,,,,,,,,,,,,,,,,,,,,,,,,,,,,
1697,ON,Yes,M,20-24,events,,,,,,,,,,,1.0,,,,,,,,,,,,,,,,,,,,,,,,,,,,,
1698,ON,Yes,M,20-24,censored,,,,,,,,,,,,,,,,,,,,,,,,,,,,,,,,,,,,,,,,
1699,ON,Yes,M,25-29,Tx,1.0,1.0,1.0,1.0,1.0,1.0,1.0,1.0,1.0,1.0,1.0,1.0,1.0,1.0,1.0,1.0,1.0,1.0,1.0,1.0,0.0,0.0,,,,,,,,,,,,,,,,,,
1700,ON,Yes,M,25-29,events,,,,,,,,,,,,,,,,,,,,,,,,,,,,,,,,,,,,,,,,
1701,ON,Yes,M,25-29,censored,,,,,,,,,,,,,,,,,,,,,1.0,,,,,,,,,,,,,,,,,,,
1702,ON,Yes,M,35-39,Tx,10.0,10.0,10.0,9.0,7.0,7.0,6.0,6.0,6.0,6.0,6.0,5.0,4.0,4.0,4.0,4.0,4.0,4.0,3.0,3.0,3.0,3.0,2.0,2.0,1.0,1.0,1.0,1.0,1.0,0.0,0.0,,,,,,,,,
1703,ON,Yes,M,35-39,events,,,,,1.0,,1.0,,,,,1.0,1.0,,,,,,,,,,1.0,,1.0,,,,,,,,,,,,,,,
1704,ON,Yes,M,35-39,censored,,,,1.0,1.0,,,,,,,,,,,,,,1.0,,,,,,,,,,,1.0,,,,,,,,,,
1705,ON,Yes,M,40-44,Tx,6.0,5.0,5.0,5.0,5.0,3.0,3.0,3.0,2.0,2.0,1.0,1.0,1.0,1.0,1.0,1.0,1.0,1.0,1.0,1.0,1.0,1.0,1.0,1.0,1.0,1.0,1.0,1.0,1.0,1.0,1.0,0.0,0.0,,,,,,,
1706,ON,Yes,M,40-44,events,,1.0,,,,1.0,,,,,,,,,,,,,,,,,,,,,,,,,,,,,,,,,,
1707,ON,Yes,M,40-44,censored,,,,,,1.0,,,1.0,,1.0,,,,,,,,,,,,,,,,,,,,,1.0,,,,,,,,
1708,ON,Yes,M,45-49,Tx,2.0,2.0,2.0,2.0,2.0,2.0,2.0,2.0,2.0,2.0,2.0,2.0,2.0,2.0,2.0,2.0,2.0,2.0,2.0,1.0,1.0,1.0,0.0,0.0,,,,,,,,,,,,,,,,
1709,ON,Yes,M,45-49,events,,,,,,,,,,,,,,,,,,,,,,,,,,,,,,,,,,,,,,,,
1710,ON,Yes,M,45-49,censored,,,,,,,,,,,,,,,,,,,,1.0,,,1.0,,,,,,,,,,,,,,,,,
1711,ON,Yes,M,50-54,Tx,7.0,5.0,5.0,5.0,4.0,4.0,4.0,3.0,3.0,3.0,2.0,2.0,2.0,2.0,2.0,1.0,1.0,1.0,1.0,1.0,1.0,0.0,0.0,,,,,,,,,,,,,,,,,
1712,ON,Yes,M,50-54,events,,1.0,,,1.0,,,,,,,,,,,,,,,,,,,,,,,,,,,,,,,,,,,
1713,ON,Yes,M,50-54,censored,,1.0,,,,,,1.0,,,1.0,,,,,1.0,,,,,,1.0,,,,,,,,,,,,,,,,,,
1714,ON,Yes,M,55-59,Tx,12.0,12.0,11.0,11.0,9.0,8.0,8.0,8.0,8.0,8.0,8.0,7.0,7.0,7.0,7.0,7.0,7.0,7.0,7.0,6.0,5.0,5.0,4.0,4.0,3.0,3.0,3.0,3.0,3.0,3.0,2.0,2.0,2.0,2.0,2.0,1.0,1.0,0.0,0.0,
1715,ON,Yes,M,55-59,events,,,,,1.0,1.0,,,,,,1.0,,,,,,,,1.0,,,,,,,,,,,,,,,,,,,,
1716,ON,Yes,M,55-59,censored,,,1.0,,1.0,,,,,,,,,,,,,,,,1.0,,1.0,,1.0,,,,,,1.0,,,,,1.0,,1.0,,
1717,ON,Yes,M,60-64,Tx,1.0,1.0,1.0,1.0,1.0,1.0,1.0,1.0,1.0,1.0,1.0,1.0,1.0,1.0,1.0,1.0,1.0,1.0,1.0,1.0,1.0,1.0,1.0,0.0,0.0,,,,,,,,,,,,,,,
1718,ON,Yes,M,60-64,events,,,,,,,,,,,,,,,,,,,,,,,,,,,,,,,,,,,,,,,,
1719,ON,Yes,M,60-64,censored,,,,,,,,,,,,,,,,,,,,,,,,1.0,,,,,,,,,,,,,,,,
1720,ON,Yes,M,65+,Tx,5.0,5.0,5.0,5.0,5.0,5.0,5.0,4.0,3.0,3.0,3.0,2.0,2.0,2.0,2.0,2.0,1.0,1.0,0.0,0.0,,,,,,,,,,,,,,,,,,,,
1721,ON,Yes,M,65+,events,,,,,,,,1.0,1.0,,,1.0,,,,,1.0,,1.0,,,,,,,,,,,,,,,,,,,,,
1722,ON,Yes,M,65+,censored,,,,,,,,,,,,,,,,,,,,,,,,,,,,,,,,,,,,,,,,
1831,Prairies,No,F,30-34,Tx,1.0,1.0,1.0,0.0,0.0,,,,,,,,,,,,,,,,,,,,,,,,,,,,,,,,,,,
1832,Prairies,No,F,30-34,events,,,,1.0,,,,,,,,,,,,,,,,,,,,,,,,,,,,,,,,,,,,
1833,Prairies,No,F,30-34,censored,,,,,,,,,,,,,,,,,,,,,,,,,,,,,,,,,,,,,,,,
1834,Prairies,No,F,35-39,Tx,4.0,3.0,3.0,3.0,2.0,2.0,2.0,2.0,2.0,2.0,1.0,1.0,1.0,1.0,1.0,1.0,1.0,1.0,1.0,1.0,1.0,1.0,0.0,0.0,,,,,,,,,,,,,,,,
1835,Prairies,No,F,35-39,events,,,,,,,,,,,1.0,,,,,,,,,,,,,,,,,,,,,,,,,,,,,
1836,Prairies,No,F,35-39,censored,,1.0,,,1.0,,,,,,,,,,,,,,,,,,1.0,,,,,,,,,,,,,,,,,
1837,Prairies,No,F,40-44,Tx,1.0,1.0,1.0,1.0,1.0,1.0,1.0,1.0,1.0,1.0,1.0,1.0,1.0,1.0,1.0,1.0,1.0,1.0,1.0,1.0,1.0,0.0,0.0,,,,,,,,,,,,,,,,,
1838,Prairies,No,F,40-44,events,,,,,,,,,,,,,,,,,,,,,,1.0,,,,,,,,,,,,,,,,,,
1839,Prairies,No,F,40-44,censored,,,,,,,,,,,,,,,,,,,,,,,,,,,,,,,,,,,,,,,,
1840,Prairies,No,F,45-49,Tx,6.0,6.0,5.0,4.0,4.0,4.0,4.0,4.0,3.0,2.0,1.0,0.0,0.0,,,,,,,,,,,,,,,,,,,,,,,,,,,
1841,Prairies,No,F,45-49,events,,,1.0,1.0,,,,,1.0,1.0,1.0,,,,,,,,,,,,,,,,,,,,,,,,,,,,,
1842,Prairies,No,F,45-49,censored,,,,,,,,,,,,1.0,,,,,,,,,,,,,,,,,,,,,,,,,,,,
1843,Prairies,No,F,50-54,Tx,1.0,1.0,1.0,1.0,1.0,0.0,0.0,,,,,,,,,,,,,,,,,,,,,,,,,,,,,,,,,
1844,Prairies,No,F,50-54,events,,,,,,,,,,,,,,,,,,,,,,,,,,,,,,,,,,,,,,,,
1845,Prairies,No,F,50-54,censored,,,,,,1.0,,,,,,,,,,,,,,,,,,,,,,,,,,,,,,,,,,
1846,Prairies,No,F,55-59,Tx,2.0,2.0,1.0,1.0,1.0,1.0,1.0,1.0,1.0,1.0,0.0,0.0,,,,,,,,,,,,,,,,,,,,,,,,,,,,
1847,Prairies,No,F,55-59,events,,,1.0,,,,,,,,1.0,,,,,,,,,,,,,,,,,,,,,,,,,,,,,
1848,Prairies,No,F,55-59,censored,,,,,,,,,,,,,,,,,,,,,,,,,,,,,,,,,,,,,,,,
1849,Prairies,No,F,60-64,Tx,2.0,0.0,0.0,,,,,,,,,,,,,,,,,,,,,,,,,,,,,,,,,,,,,
1850,Prairies,No,F,60-64,events,,1.0,,,,,,,,,,,,,,,,,,,,,,,,,,,,,,,,,,,,,,
1851,Prairies,No,F,60-64,censored,,1.0,,,,,,,,,,,,,,,,,,,,,,,,,,,,,,,,,,,,,,
1852,Prairies,No,F,65+,Tx,1.0,0.0,0.0,,,,,,,,,,,,,,,,,,,,,,,,,,,,,,,,,,,,,
1853,Prairies,No,F,65+,events,,1.0,,,,,,,,,,,,,,,,,,,,,,,,,,,,,,,,,,,,,,
1854,Prairies,No,F,65+,censored,,,,,,,,,,,,,,,,,,,,,,,,,,,,,,,,,,,,,,,,
1858,Prairies,No,M,35-39,Tx,1.0,1.0,1.0,1.0,1.0,1.0,1.0,1.0,1.0,0.0,0.0,,,,,,,,,,,,,,,,,,,,,,,,,,,,,
1859,Prairies,No,M,35-39,events,,,,,,,,,,1.0,,,,,,,,,,,,,,,,,,,,,,,,,,,,,,
1860,Prairies,No,M,35-39,censored,,,,,,,,,,,,,,,,,,,,,,,,,,,,,,,,,,,,,,,,
1861,Prairies,No,M,40-44,Tx,1.0,1.0,1.0,1.0,1.0,1.0,1.0,1.0,1.0,1.0,1.0,1.0,1.0,1.0,0.0,0.0,,,,,,,,,,,,,,,,,,,,,,,,
1862,Prairies,No,M,40-44,events,,,,,,,,,,,,,,,1.0,,,,,,,,,,,,,,,,,,,,,,,,,
1863,Prairies,No,M,40-44,censored,,,,,,,,,,,,,,,,,,,,,,,,,,,,,,,,,,,,,,,,
1864,Prairies,No,M,45-49,Tx,1.0,1.0,1.0,1.0,1.0,1.0,1.0,1.0,1.0,1.0,0.0,0.0,,,,,,,,,,,,,,,,,,,,,,,,,,,,
1865,Prairies,No,M,45-49,events,,,,,,,,,,,1.0,,,,,,,,,,,,,,,,,,,,,,,,,,,,,
1866,Prairies,No,M,45-49,censored,,,,,,,,,,,,,,,,,,,,,,,,,,,,,,,,,,,,,,,,
1867,Prairies,No,M,50-54,Tx,3.0,2.0,2.0,2.0,2.0,2.0,2.0,2.0,1.0,1.0,1.0,1.0,1.0,0.0,0.0,,,,,,,,,,,,,,,,,,,,,,,,,
1868,Prairies,No,M,50-54,events,,,,,,,,,1.0,,,,,1.0,,,,,,,,,,,,,,,,,,,,,,,,,,
1869,Prairies,No,M,50-54,censored,,1.0,,,,,,,,,,,,,,,,,,,,,,,,,,,,,,,,,,,,,,
1870,Prairies,No,M,55-59,Tx,6.0,6.0,6.0,6.0,6.0,6.0,5.0,5.0,5.0,4.0,4.0,4.0,4.0,4.0,4.0,4.0,4.0,3.0,3.0,3.0,3.0,3.0,3.0,3.0,3.0,3.0,3.0,2.0,2.0,2.0,1.0,1.0,0.0,0.0,,,,,,
1871,Prairies,No,M,55-59,events,,,,,,,,,,,,,,,,,,1.0,,,,,,,,,,,,,,,,,,,,,,
1872,Prairies,No,M,55-59,censored,,,,,,,1.0,,,1.0,,,,,,,,,,,,,,,,,,1.0,,,1.0,,1.0,,,,,,,
1873,Prairies,No,M,60-64,Tx,3.0,3.0,3.0,2.0,2.0,2.0,2.0,2.0,2.0,1.0,0.0,0.0,,,,,,,,,,,,,,,,,,,,,,,,,,,,
1874,Prairies,No,M,60-64,events,,,,1.0,,,,,,1.0,1.0,,,,,,,,,,,,,,,,,,,,,,,,,,,,,
1875,Prairies,No,M,60-64,censored,,,,,,,,,,,,,,,,,,,,,,,,,,,,,,,,,,,,,,,,
1876,Prairies,No,M,65+,Tx,1.0,0.0,0.0,,,,,,,,,,,,,,,,,,,,,,,,,,,,,,,,,,,,,
1877,Prairies,No,M,65+,events,,,,,,,,,,,,,,,,,,,,,,,,,,,,,,,,,,,,,,,,
1878,Prairies,No,M,65+,censored,,1.0,,,,,,,,,,,,,,,,,,,,,,,,,,,,,,,,,,,,,,
1891,Prairies,Null,F,45-49,Tx,3.0,2.0,2.0,1.0,1.0,1.0,0.0,0.0,,,,,,,,,,,,,,,,,,,,,,,,,,,,,,,,
1892,Prairies,Null,F,45-49,events,,1.0,,,,,1.0,,,,,,,,,,,,,,,,,,,,,,,,,,,,,,,,,
1893,Prairies,Null,F,45-49,censored,,,,1.0,,,,,,,,,,,,,,,,,,,,,,,,,,,,,,,,,,,,
1897,Prairies,Null,M,45-49,Tx,1.0,1.0,1.0,1.0,1.0,1.0,1.0,1.0,1.0,1.0,0.0,0.0,,,,,,,,,,,,,,,,,,,,,,,,,,,,
1898,Prairies,Null,M,45-49,events,,,,,,,,,,,,,,,,,,,,,,,,,,,,,,,,,,,,,,,,
1899,Prairies,Null,M,45-49,censored,,,,,,,,,,,1.0,,,,,,,,,,,,,,,,,,,,,,,,,,,,,
1900,Prairies,Null,M,65+,Tx,1.0,1.0,1.0,0.0,0.0,,,,,,,,,,,,,,,,,,,,,,,,,,,,,,,,,,,
1901,Prairies,Null,M,65+,events,,,,1.0,,,,,,,,,,,,,,,,,,,,,,,,,,,,,,,,,,,,
1902,Prairies,Null,M,65+,censored,,,,,,,,,,,,,,,,,,,,,,,,,,,,,,,,,,,,,,,,
1912,Prairies,Yes,M,55-59,Tx,1.0,1.0,1.0,1.0,1.0,1.0,1.0,1.0,1.0,1.0,1.0,1.0,1.0,1.0,1.0,1.0,1.0,0.0,0.0,,,,,,,,,,,,,,,,,,,,,
1913,Prairies,Yes,M,55-59,events,,,,,,,,,,,,,,,,,,,,,,,,,,,,,,,,,,,,,,,,
1914,Prairies,Yes,M,55-59,censored,,,,,,,,,,,,,,,,,,1.0,,,,,,,,,,,,,,,,,,,,,,
2050,QC,No,F,30-34,Tx,5.0,5.0,5.0,4.0,4.0,2.0,2.0,2.0,2.0,2.0,2.0,2.0,2.0,2.0,2.0,2.0,2.0,1.0,1.0,1.0,1.0,1.0,1.0,1.0,1.0,1.0,1.0,1.0,1.0,1.0,1.0,1.0,1.0,1.0,1.0,1.0,0.0,0.0,,
2051,QC,No,F,30-34,events,,,,,,,,,,,,,,,,,,1.0,,,,,,,,,,,,,,,,,,,,,,
2052,QC,No,F,30-34,censored,,,,1.0,,2.0,,,,,,,,,,,,,,,,,,,,,,,,,,,,,,,1.0,,,
2053,QC,No,F,35-39,Tx,4.0,3.0,3.0,2.0,2.0,2.0,2.0,2.0,2.0,2.0,2.0,2.0,2.0,2.0,1.0,1.0,1.0,1.0,1.0,1.0,1.0,1.0,1.0,1.0,1.0,1.0,1.0,1.0,1.0,1.0,1.0,0.0,0.0,,,,,,,
2054,QC,No,F,35-39,events,,1.0,,1.0,,,,,,,,,,,,,,,,,,,,,,,,,,,,,,,,,,,,
2055,QC,No,F,35-39,censored,,,,,,,,,,,,,,,1.0,,,,,,,,,,,,,,,,,1.0,,,,,,,,
2056,QC,No,F,40-44,Tx,15.0,13.0,12.0,12.0,12.0,11.0,8.0,7.0,6.0,5.0,5.0,3.0,3.0,3.0,3.0,3.0,3.0,3.0,3.0,2.0,2.0,2.0,1.0,1.0,1.0,1.0,1.0,1.0,1.0,1.0,1.0,0.0,0.0,,,,,,,
2057,QC,No,F,40-44,events,,,1.0,,,1.0,2.0,,,,,1.0,,,,,,,,1.0,,,,,,,,,,,,,,,,,,,,
2058,QC,No,F,40-44,censored,,2.0,,,,,1.0,1.0,1.0,1.0,,1.0,,,,,,,,,,,1.0,,,,,,,,,1.0,,,,,,,,
2059,QC,No,F,45-49,Tx,27.0,25.0,25.0,25.0,24.0,22.0,20.0,20.0,20.0,18.0,18.0,16.0,15.0,15.0,11.0,10.0,10.0,9.0,8.0,7.0,7.0,7.0,7.0,7.0,5.0,5.0,5.0,5.0,3.0,3.0,3.0,3.0,2.0,2.0,1.0,1.0,1.0,1.0,0.0,0.0
2060,QC,No,F,45-49,events,,1.0,,,1.0,1.0,2.0,,,2.0,,1.0,,,1.0,1.0,,1.0,,1.0,,,,,,,,,,,,,,,,,,,,
2061,QC,No,F,45-49,censored,,1.0,,,,1.0,,,,,,1.0,1.0,,3.0,,,,1.0,,,,,,2.0,,,,2.0,,,,1.0,,1.0,,,,1.0,
2062,QC,No,F,50-54,Tx,23.0,22.0,20.0,18.0,15.0,15.0,12.0,12.0,12.0,9.0,7.0,7.0,7.0,5.0,5.0,5.0,4.0,4.0,4.0,4.0,4.0,3.0,3.0,2.0,2.0,0.0,0.0,,,,,,,,,,,,,
2063,QC,No,F,50-54,events,,,1.0,,1.0,,2.0,,,2.0,,,,,,,,,,,,,,,,,,,,,,,,,,,,,,
2064,QC,No,F,50-54,censored,,1.0,1.0,2.0,2.0,,1.0,,,1.0,2.0,,,2.0,,,1.0,,,,,1.0,,1.0,,2.0,,,,,,,,,,,,,,
2065,QC,No,F,55-59,Tx,30.0,26.0,26.0,25.0,25.0,25.0,23.0,20.0,19.0,19.0,17.0,16.0,16.0,15.0,14.0,12.0,11.0,11.0,9.0,9.0,8.0,7.0,7.0,7.0,6.0,5.0,4.0,4.0,4.0,3.0,3.0,3.0,3.0,0.0,0.0,,,,,
2066,QC,No,F,55-59,events,,2.0,,1.0,,,,,,,2.0,1.0,,1.0,,2.0,,,2.0,,,1.0,,,1.0,,,,,1.0,,,,1.0,,,,,,
2067,QC,No,F,55-59,censored,,2.0,,,,,2.0,3.0,1.0,,,,,,1.0,,1.0,,,,1.0,,,,,1.0,1.0,,,,,,,2.0,,,,,,
2068,QC,No,F,60-64,Tx,24.0,22.0,20.0,20.0,16.0,15.0,15.0,13.0,10.0,8.0,7.0,7.0,7.0,7.0,7.0,6.0,6.0,5.0,5.0,3.0,3.0,2.0,2.0,2.0,2.0,2.0,2.0,2.0,2.0,2.0,2.0,2.0,1.0,1.0,1.0,0.0,0.0,,,
2069,QC,No,F,60-64,events,,1.0,1.0,,2.0,,,1.0,1.0,,,,,,,,,,,,,,,,,,,,,,,,,,,,,,,
2070,QC,No,F,60-64,censored,,1.0,1.0,,2.0,1.0,,1.0,2.0,2.0,1.0,,,,,1.0,,1.0,,2.0,,1.0,,,,,,,,,,,1.0,,,1.0,,,,
2071,QC,No,F,65+,Tx,3.0,3.0,2.0,1.0,1.0,1.0,1.0,1.0,1.0,1.0,1.0,1.0,0.0,0.0,,,,,,,,,,,,,,,,,,,,,,,,,,
2072,QC,No,F,65+,events,,,,1.0,,,,,,,,,,,,,,,,,,,,,,,,,,,,,,,,,,,,
2073,QC,No,F,65+,censored,,,1.0,,,,,,,,,,1.0,,,,,,,,,,,,,,,,,,,,,,,,,,,
2077,QC,No,M,25-29,Tx,1.0,1.0,1.0,1.0,1.0,1.0,1.0,1.0,1.0,1.0,1.0,1.0,1.0,0.0,0.0,,,,,,,,,,,,,,,,,,,,,,,,,
2078,QC,No,M,25-29,events,,,,,,,,,,,,,,,,,,,,,,,,,,,,,,,,,,,,,,,,
2079,QC,No,M,25-29,censored,,,,,,,,,,,,,,1.0,,,,,,,,,,,,,,,,,,,,,,,,,,
2080,QC,No,M,30-34,Tx,4.0,4.0,4.0,4.0,4.0,4.0,3.0,3.0,2.0,2.0,2.0,2.0,2.0,2.0,2.0,2.0,2.0,2.0,2.0,2.0,1.0,1.0,1.0,1.0,0.0,0.0,,,,,,,,,,,,,,
2081,QC,No,M,30-34,events,,,,,,,1.0,,,,,,,,,,,,,,,,,,,,,,,,,,,,,,,,,
2082,QC,No,M,30-34,censored,,,,,,,,,1.0,,,,,,,,,,,,1.0,,,,1.0,,,,,,,,,,,,,,,
2083,QC,No,M,35-39,Tx,4.0,3.0,3.0,3.0,2.0,2.0,2.0,2.0,2.0,1.0,1.0,1.0,0.0,0.0,,,,,,,,,,,,,,,,,,,,,,,,,,
2084,QC,No,M,35-39,events,,,,,,,,,,,,,,,,,,,,,,,,,,,,,,,,,,,,,,,,
2085,QC,No,M,35-39,censored,,1.0,,,1.0,,,,,1.0,,,1.0,,,,,,,,,,,,,,,,,,,,,,,,,,,
2086,QC,No,M,40-44,Tx,9.0,8.0,7.0,5.0,4.0,3.0,3.0,3.0,3.0,2.0,2.0,2.0,1.0,1.0,1.0,1.0,1.0,1.0,1.0,1.0,0.0,0.0,,,,,,,,,,,,,,,,,,
2087,QC,No,M,40-44,events,,,1.0,,,1.0,,,,1.0,,,1.0,,,,,,,,,,,,,,,,,,,,,,,,,,,
2088,QC,No,M,40-44,censored,,1.0,,2.0,1.0,,,,,,,,,,,,,,,,1.0,,,,,,,,,,,,,,,,,,,
2089,QC,No,M,45-49,Tx,9.0,9.0,8.0,8.0,8.0,6.0,5.0,4.0,4.0,4.0,4.0,4.0,4.0,4.0,2.0,2.0,2.0,1.0,1.0,1.0,1.0,1.0,1.0,1.0,1.0,1.0,1.0,1.0,1.0,1.0,1.0,1.0,1.0,1.0,1.0,0.0,0.0,,,
2090,QC,No,M,45-49,events,,,,,,2.0,,1.0,,,,,,,1.0,,,1.0,,,,,,,,,,,,,,,,,,,,,,
2091,QC,No,M,45-49,censored,,,1.0,,,,1.0,,,,,,,,1.0,,,,,,,,,,,,,,,,,,,,,1.0,,,,
2092,QC,No,M,50-54,Tx,20.0,19.0,17.0,17.0,17.0,16.0,16.0,14.0,13.0,11.0,11.0,10.0,10.0,9.0,8.0,8.0,8.0,8.0,7.0,7.0,7.0,7.0,6.0,6.0,6.0,6.0,6.0,4.0,4.0,4.0,3.0,3.0,3.0,3.0,3.0,2.0,1.0,0.0,0.0,
2093,QC,No,M,50-54,events,,,,,,1.0,,,1.0,1.0,,1.0,,1.0,1.0,,,,,,,,,,,,,,,,,,,,,,,,,
2094,QC,No,M,50-54,censored,,1.0,2.0,,,,,2.0,,1.0,,,,,,,,,1.0,,,,1.0,,,,,2.0,,,1.0,,,,,1.0,1.0,1.0,,
2095,QC,No,M,55-59,Tx,28.0,25.0,25.0,23.0,23.0,22.0,20.0,18.0,18.0,17.0,17.0,16.0,16.0,16.0,14.0,13.0,11.0,11.0,10.0,9.0,9.0,9.0,9.0,9.0,7.0,5.0,5.0,5.0,4.0,4.0,2.0,2.0,2.0,2.0,2.0,2.0,1.0,1.0,0.0,0.0
2096,QC,No,M,55-59,events,,2.0,,,,1.0,,1.0,,1.0,,1.0,,,1.0,1.0,1.0,,,,,,,,1.0,2.0,,,,,,,,,,,,,,
2097,QC,No,M,55-59,censored,,1.0,,2.0,,,2.0,1.0,,,,,,,1.0,,1.0,,1.0,1.0,,,,,1.0,,,,1.0,,2.0,,,,,,1.0,,1.0,
2098,QC,No,M,60-64,Tx,19.0,13.0,10.0,9.0,9.0,9.0,9.0,9.0,9.0,9.0,9.0,6.0,5.0,5.0,3.0,3.0,3.0,3.0,3.0,3.0,3.0,3.0,3.0,3.0,3.0,2.0,2.0,2.0,2.0,2.0,1.0,1.0,0.0,0.0,,,,,,
2099,QC,No,M,60-64,events,,2.0,,1.0,,,,,,,,3.0,1.0,,,,,,,,,,,,,,,,,,,,,,,,,,,
2100,QC,No,M,60-64,censored,,4.0,3.0,,,,,,,,,,,,2.0,,,,,,,,,,,1.0,,,,,1.0,,1.0,,,,,,,
2101,QC,No,M,65+,Tx,13.0,10.0,9.0,9.0,8.0,6.0,6.0,6.0,6.0,6.0,6.0,5.0,3.0,2.0,2.0,2.0,2.0,2.0,2.0,2.0,1.0,1.0,1.0,1.0,1.0,1.0,1.0,0.0,0.0,,,,,,,,,,,
2102,QC,No,M,65+,events,,1.0,,,1.0,1.0,,,,,,,,,,,,,,,1.0,,,,,,,,,,,,,,,,,,,
2103,QC,No,M,65+,censored,,2.0,1.0,,,1.0,,,,,,1.0,2.0,1.0,,,,,,,,,,,,,,1.0,,,,,,,,,,,,
2140,QC,Null,F,20-24,Tx,1.0,0.0,0.0,,,,,,,,,,,,,,,,,,,,,,,,,,,,,,,,,,,,,
2141,QC,Null,F,20-24,events,,1.0,,,,,,,,,,,,,,,,,,,,,,,,,,,,,,,,,,,,,,
2142,QC,Null,F,20-24,censored,,,,,,,,,,,,,,,,,,,,,,,,,,,,,,,,,,,,,,,,
2143,QC,Null,F,25-29,Tx,1.0,0.0,0.0,,,,,,,,,,,,,,,,,,,,,,,,,,,,,,,,,,,,,
2144,QC,Null,F,25-29,events,,1.0,,,,,,,,,,,,,,,,,,,,,,,,,,,,,,,,,,,,,,
2145,QC,Null,F,25-29,censored,,,,,,,,,,,,,,,,,,,,,,,,,,,,,,,,,,,,,,,,
2146,QC,Null,F,30-34,Tx,2.0,2.0,1.0,1.0,1.0,1.0,1.0,1.0,0.0,0.0,,,,,,,,,,,,,,,,,,,,,,,,,,,,,,
2147,QC,Null,F,30-34,events,,,,,,,,,1.0,,,,,,,,,,,,,,,,,,,,,,,,,,,,,,,
2148,QC,Null,F,30-34,censored,,,1.0,,,,,,,,,,,,,,,,,,,,,,,,,,,,,,,,,,,,,
2149,QC,Null,F,35-39,Tx,2.0,1.0,0.0,0.0,,,,,,,,,,,,,,,,,,,,,,,,,,,,,,,,,,,,
2150,QC,Null,F,35-39,events,,1.0,1.0,,,,,,,,,,,,,,,,,,,,,,,,,,,,,,,,,,,,,
2151,QC,Null,F,35-39,censored,,,,,,,,,,,,,,,,,,,,,,,,,,,,,,,,,,,,,,,,
2152,QC,Null,F,40-44,Tx,5.0,5.0,5.0,5.0,4.0,4.0,4.0,4.0,4.0,4.0,4.0,4.0,4.0,2.0,1.0,1.0,1.0,1.0,1.0,1.0,1.0,1.0,1.0,1.0,1.0,1.0,1.0,1.0,1.0,1.0,1.0,1.0,1.0,1.0,1.0,1.0,1.0,0.0,0.0,
2153,QC,Null,F,40-44,events,,,,,,,,,,,,,,1.0,,,,,,,,,,,,,,,,,,,,,,,,,,
2154,QC,Null,F,40-44,censored,,,,,1.0,,,,,,,,,1.0,1.0,,,,,,,,,,,,,,,,,,,,,,,1.0,,
2155,QC,Null,F,50-54,Tx,4.0,4.0,4.0,4.0,3.0,3.0,3.0,3.0,3.0,3.0,3.0,2.0,2.0,2.0,1.0,1.0,1.0,0.0,0.0,,,,,,,,,,,,,,,,,,,,,
2156,QC,Null,F,50-54,events,,,,,,,,,,,,,,,,,,,,,,,,,,,,,,,,,,,,,,,,
2157,QC,Null,F,50-54,censored,,,,,1.0,,,,,,,1.0,,,1.0,,,1.0,,,,,,,,,,,,,,,,,,,,,,
2158,QC,Null,F,55-59,Tx,5.0,5.0,4.0,4.0,3.0,3.0,3.0,3.0,3.0,3.0,3.0,3.0,3.0,3.0,3.0,3.0,2.0,2.0,1.0,1.0,1.0,0.0,0.0,,,,,,,,,,,,,,,,,
2159,QC,Null,F,55-59,events,,,,,1.0,,,,,,,,,,,,,,,,,,,,,,,,,,,,,,,,,,,
2160,QC,Null,F,55-59,censored,,,1.0,,,,,,,,,,,,,,1.0,,1.0,,,1.0,,,,,,,,,,,,,,,,,,
2161,QC,Null,F,60-64,Tx,3.0,2.0,2.0,1.0,1.0,1.0,1.0,1.0,1.0,1.0,1.0,0.0,0.0,,,,,,,,,,,,,,,,,,,,,,,,,,,
2162,QC,Null,F,60-64,events,,1.0,,1.0,,,,,,,,1.0,,,,,,,,,,,,,,,,,,,,,,,,,,,,
2163,QC,Null,F,60-64,censored,,,,,,,,,,,,,,,,,,,,,,,,,,,,,,,,,,,,,,,,
2167,QC,Null,M,30-34,Tx,1.0,0.0,0.0,,,,,,,,,,,,,,,,,,,,,,,,,,,,,,,,,,,,,
2168,QC,Null,M,30-34,events,,1.0,,,,,,,,,,,,,,,,,,,,,,,,,,,,,,,,,,,,,,
2169,QC,Null,M,30-34,censored,,,,,,,,,,,,,,,,,,,,,,,,,,,,,,,,,,,,,,,,
2170,QC,Null,M,35-39,Tx,2.0,2.0,2.0,2.0,2.0,2.0,2.0,2.0,2.0,2.0,2.0,2.0,2.0,2.0,2.0,2.0,2.0,2.0,2.0,2.0,2.0,2.0,2.0,2.0,2.0,2.0,2.0,2.0,2.0,2.0,2.0,2.0,2.0,1.0,1.0,1.0,1.0,1.0,1.0,0.0
2171,QC,Null,M,35-39,events,,,,,,,,,,,,,,,,,,,,,,,,,,,,,,,,,,,,,,,,
2172,QC,Null,M,35-39,censored,,,,,,,,,,,,,,,,,,,,,,,,,,,,,,,,,,1.0,,,,,,1.0
2173,QC,Null,M,40-44,Tx,2.0,0.0,0.0,,,,,,,,,,,,,,,,,,,,,,,,,,,,,,,,,,,,,
2174,QC,Null,M,40-44,events,,2.0,,,,,,,,,,,,,,,,,,,,,,,,,,,,,,,,,,,,,,
2175,QC,Null,M,40-44,censored,,,,,,,,,,,,,,,,,,,,,,,,,,,,,,,,,,,,,,,,
2176,QC,Null,M,45-49,Tx,3.0,2.0,2.0,2.0,1.0,1.0,1.0,1.0,1.0,1.0,1.0,1.0,1.0,1.0,1.0,1.0,1.0,1.0,1.0,1.0,1.0,1.0,1.0,1.0,1.0,1.0,1.0,1.0,1.0,1.0,1.0,1.0,1.0,0.0,0.0,,,,,
2177,QC,Null,M,45-49,events,,1.0,,,1.0,,,,,,,,,,,,,,,,,,,,,,,,,,,,,,,,,,,
2178,QC,Null,M,45-49,censored,,,,,,,,,,,,,,,,,,,,,,,,,,,,,,,,,,1.0,,,,,,
2179,QC,Null,M,50-54,Tx,5.0,5.0,5.0,5.0,5.0,4.0,2.0,2.0,2.0,2.0,2.0,2.0,2.0,1.0,1.0,1.0,1.0,1.0,1.0,1.0,1.0,1.0,1.0,1.0,1.0,1.0,1.0,1.0,1.0,1.0,1.0,1.0,1.0,1.0,1.0,1.0,1.0,1.0,0.0,0.0
2180,QC,Null,M,50-54,events,,,,,,1.0,,,,,,,,1.0,,,,,,,,,,,,,,,,,,,,,,,,,,
2181,QC,Null,M,50-54,censored,,,,,,,2.0,,,,,,,,,,,,,,,,,,,,,,,,,,,,,,,,1.0,
2182,QC,Null,M,55-59,Tx,2.0,2.0,2.0,1.0,0.0,0.0,,,,,,,,,,,,,,,,,,,,,,,,,,,,,,,,,,
2183,QC,Null,M,55-59,events,,,,,,,,,,,,,,,,,,,,,,,,,,,,,,,,,,,,,,,,
2184,QC,Null,M,55-59,censored,,,,1.0,1.0,,,,,,,,,,,,,,,,,,,,,,,,,,,,,,,,,,,
2185,QC,Null,M,60-64,Tx,8.0,8.0,7.0,7.0,7.0,7.0,5.0,4.0,3.0,3.0,3.0,2.0,2.0,2.0,2.0,2.0,2.0,2.0,2.0,1.0,0.0,0.0,,,,,,,,,,,,,,,,,,
2186,QC,Null,M,60-64,events,,,,,,,1.0,,,,,,,,,,,,,,,,,,,,,,,,,,,,,,,,,
2187,QC,Null,M,60-64,censored,,,1.0,,,,1.0,1.0,1.0,,,1.0,,,,,,,,1.0,1.0,,,,,,,,,,,,,,,,,,,
2188,QC,Null,M,65+,Tx,1.0,1.0,1.0,1.0,1.0,1.0,1.0,1.0,1.0,1.0,1.0,1.0,0.0,0.0,,,,,,,,,,,,,,,,,,,,,,,,,,
2189,QC,Null,M,65+,events,,,,,,,,,,,,,,,,,,,,,,,,,,,,,,,,,,,,,,,,
2190,QC,Null,M,65+,censored,,,,,,,,,,,,,1.0,,,,,,,,,,,,,,,,,,,,,,,,,,,
2227,QC,Yes,F,18-19,Tx,1.0,1.0,1.0,1.0,1.0,1.0,1.0,1.0,1.0,1.0,0.0,0.0,,,,,,,,,,,,,,,,,,,,,,,,,,,,
2228,QC,Yes,F,18-19,events,,,,,,,,,,,1.0,,,,,,,,,,,,,,,,,,,,,,,,,,,,,
2229,QC,Yes,F,18-19,censored,,,,,,,,,,,,,,,,,,,,,,,,,,,,,,,,,,,,,,,,
2230,QC,Yes,F,20-24,Tx,1.0,1.0,1.0,1.0,1.0,1.0,1.0,1.0,1.0,1.0,1.0,1.0,1.0,1.0,1.0,1.0,1.0,1.0,1.0,1.0,1.0,1.0,1.0,1.0,1.0,1.0,1.0,1.0,1.0,0.0,0.0,,,,,,,,,
2231,QC,Yes,F,20-24,events,,,,,,,,,,,,,,,,,,,,,,,,,,,,,,,,,,,,,,,,
2232,QC,Yes,F,20-24,censored,,,,,,,,,,,,,,,,,,,,,,,,,,,,,,1.0,,,,,,,,,,
2233,QC,Yes,F,25-29,Tx,2.0,2.0,2.0,2.0,2.0,2.0,2.0,2.0,2.0,2.0,2.0,2.0,1.0,0.0,0.0,,,,,,,,,,,,,,,,,,,,,,,,,
2234,QC,Yes,F,25-29,events,,,,,,,,,,,,,,1.0,,,,,,,,,,,,,,,,,,,,,,,,,,
2235,QC,Yes,F,25-29,censored,,,,,,,,,,,,,1.0,,,,,,,,,,,,,,,,,,,,,,,,,,,
2236,QC,Yes,F,35-39,Tx,4.0,4.0,3.0,2.0,2.0,2.0,2.0,2.0,2.0,1.0,1.0,1.0,1.0,1.0,1.0,1.0,1.0,1.0,1.0,1.0,1.0,1.0,1.0,1.0,1.0,1.0,1.0,1.0,1.0,1.0,1.0,1.0,0.0,0.0,,,,,,
2237,QC,Yes,F,35-39,events,,,1.0,1.0,,,,,,1.0,,,,,,,,,,,,,,,,,,,,,,,,,,,,,,
2238,QC,Yes,F,35-39,censored,,,,,,,,,,,,,,,,,,,,,,,,,,,,,,,,,1.0,,,,,,,
2239,QC,Yes,F,40-44,Tx,1.0,1.0,1.0,1.0,1.0,1.0,1.0,1.0,1.0,1.0,1.0,1.0,1.0,1.0,1.0,1.0,1.0,0.0,0.0,,,,,,,,,,,,,,,,,,,,,
2240,QC,Yes,F,40-44,events,,,,,,,,,,,,,,,,,,,,,,,,,,,,,,,,,,,,,,,,
2241,QC,Yes,F,40-44,censored,,,,,,,,,,,,,,,,,,1.0,,,,,,,,,,,,,,,,,,,,,,
2242,QC,Yes,F,45-49,Tx,5.0,4.0,3.0,3.0,3.0,3.0,3.0,3.0,3.0,2.0,2.0,2.0,2.0,2.0,2.0,2.0,2.0,2.0,2.0,2.0,2.0,2.0,2.0,2.0,2.0,2.0,2.0,2.0,1.0,1.0,1.0,1.0,1.0,1.0,0.0,0.0,,,,
2243,QC,Yes,F,45-49,events,,1.0,,,,,,,,,,,,,,,,,,,,,,,,,,,1.0,,,,,,,,,,,
2244,QC,Yes,F,45-49,censored,,,1.0,,,,,,,1.0,,,,,,,,,,,,,,,,,,,,,,,,,1.0,,,,,
2245,QC,Yes,F,50-54,Tx,8.0,8.0,8.0,7.0,5.0,4.0,4.0,4.0,4.0,3.0,3.0,3.0,3.0,3.0,1.0,1.0,1.0,1.0,1.0,1.0,1.0,1.0,1.0,1.0,1.0,1.0,1.0,1.0,1.0,1.0,1.0,1.0,1.0,1.0,1.0,1.0,1.0,1.0,0.0,0.0
2246,QC,Yes,F,50-54,events,,,,1.0,1.0,1.0,,,,,,,,,1.0,,,,,,,,,,,,,,,,,,,,,,,,,
2247,QC,Yes,F,50-54,censored,,,,,1.0,,,,,1.0,,,,,1.0,,,,,,,,,,,,,,,,,,,,,,,,1.0,
2248,QC,Yes,F,55-59,Tx,5.0,5.0,5.0,4.0,4.0,3.0,3.0,3.0,3.0,3.0,3.0,3.0,2.0,2.0,2.0,2.0,2.0,2.0,2.0,2.0,2.0,2.0,2.0,2.0,2.0,2.0,2.0,2.0,2.0,2.0,1.0,1.0,1.0,1.0,1.0,0.0,0.0,,,
2249,QC,Yes,F,55-59,events,,,,1.0,,,,,,,,,1.0,,,,,,,,,,,,,,,,,,,,,,,,,,,
2250,QC,Yes,F,55-59,censored,,,,,,1.0,,,,,,,,,,,,,,,,,,,,,,,,,1.0,,,,,1.0,,,,
2251,QC,Yes,F,60-64,Tx,7.0,7.0,7.0,7.0,6.0,6.0,6.0,5.0,4.0,4.0,4.0,4.0,4.0,2.0,1.0,1.0,1.0,1.0,1.0,1.0,1.0,1.0,1.0,1.0,1.0,1.0,1.0,1.0,1.0,1.0,1.0,1.0,1.0,1.0,1.0,1.0,0.0,0.0,,
2252,QC,Yes,F,60-64,events,,,,,1.0,,,,1.0,,,,,1.0,,,,,,,,,,,,,,,,,,,,,,,,,,
2253,QC,Yes,F,60-64,censored,,,,,,,,1.0,,,,,,1.0,1.0,,,,,,,,,,,,,,,,,,,,,,1.0,,,
2254,QC,Yes,F,65+,Tx,1.0,1.0,1.0,1.0,1.0,1.0,0.0,0.0,,,,,,,,,,,,,,,,,,,,,,,,,,,,,,,,
2255,QC,Yes,F,65+,events,,,,,,,,,,,,,,,,,,,,,,,,,,,,,,,,,,,,,,,,
2256,QC,Yes,F,65+,censored,,,,,,,1.0,,,,,,,,,,,,,,,,,,,,,,,,,,,,,,,,,
2260,QC,Yes,M,35-39,Tx,1.0,1.0,1.0,1.0,1.0,1.0,1.0,1.0,1.0,1.0,1.0,1.0,1.0,1.0,1.0,1.0,1.0,1.0,1.0,1.0,1.0,1.0,1.0,1.0,1.0,1.0,1.0,0.0,0.0,,,,,,,,,,,
2261,QC,Yes,M,35-39,events,,,,,,,,,,,,,,,,,,,,,,,,,,,,1.0,,,,,,,,,,,,
2262,QC,Yes,M,35-39,censored,,,,,,,,,,,,,,,,,,,,,,,,,,,,,,,,,,,,,,,,
2263,QC,Yes,M,40-44,Tx,2.0,2.0,1.0,1.0,1.0,1.0,1.0,1.0,1.0,1.0,1.0,1.0,1.0,1.0,1.0,1.0,1.0,1.0,1.0,1.0,1.0,1.0,1.0,1.0,1.0,1.0,0.0,0.0,,,,,,,,,,,,
2264,QC,Yes,M,40-44,events,,,1.0,,,,,,,,,,,,,,,,,,,,,,,,1.0,,,,,,,,,,,,,
2265,QC,Yes,M,40-44,censored,,,,,,,,,,,,,,,,,,,,,,,,,,,,,,,,,,,,,,,,
2266,QC,Yes,M,45-49,Tx,3.0,3.0,3.0,3.0,3.0,2.0,2.0,2.0,2.0,2.0,2.0,2.0,2.0,2.0,2.0,2.0,2.0,2.0,2.0,2.0,2.0,2.0,2.0,0.0,0.0,,,,,,,,,,,,,,,
2267,QC,Yes,M,45-49,events,,,,,,1.0,,,,,,,,,,,,,,,,,,1.0,,,,,,,,,,,,,,,,
2268,QC,Yes,M,45-49,censored,,,,,,,,,,,,,,,,,,,,,,,,1.0,,,,,,,,,,,,,,,,
2269,QC,Yes,M,50-54,Tx,4.0,3.0,3.0,3.0,2.0,2.0,2.0,2.0,2.0,2.0,2.0,2.0,2.0,2.0,2.0,2.0,2.0,2.0,2.0,2.0,2.0,2.0,2.0,1.0,1.0,1.0,1.0,1.0,1.0,1.0,1.0,0.0,0.0,,,,,,,
2270,QC,Yes,M,50-54,events,,,,,,,,,,,,,,,,,,,,,,,,1.0,,,,,,,,,,,,,,,,
2271,QC,Yes,M,50-54,censored,,1.0,,,1.0,,,,,,,,,,,,,,,,,,,,,,,,,,,1.0,,,,,,,,
2272,QC,Yes,M,55-59,Tx,5.0,5.0,5.0,4.0,4.0,4.0,4.0,4.0,4.0,4.0,4.0,4.0,4.0,4.0,4.0,4.0,4.0,4.0,4.0,2.0,2.0,2.0,2.0,2.0,2.0,2.0,1.0,0.0,0.0,,,,,,,,,,,
2273,QC,Yes,M,55-59,events,,,,,,,,,,,,,,,,,,,,,,,,,,,,,,,,,,,,,,,,
2274,QC,Yes,M,55-59,censored,,,,1.0,,,,,,,,,,,,,,,,2.0,,,,,,,1.0,1.0,,,,,,,,,,,,
2275,QC,Yes,M,60-64,Tx,3.0,2.0,2.0,2.0,2.0,2.0,2.0,2.0,2.0,2.0,2.0,2.0,2.0,2.0,2.0,2.0,1.0,1.0,1.0,1.0,1.0,1.0,1.0,1.0,1.0,1.0,1.0,1.0,1.0,1.0,1.0,1.0,1.0,0.0,0.0,,,,,
2276,QC,Yes,M,60-64,events,,,,,,,,,,,,,,,,,,,,,,,,,,,,,,,,,,,,,,,,
2277,QC,Yes,M,60-64,censored,,1.0,,,,,,,,,,,,,,,1.0,,,,,,,,,,,,,,,,,1.0,,,,,,
2278,QC,Yes,M,65+,Tx,2.0,2.0,2.0,2.0,2.0,2.0,2.0,2.0,1.0,1.0,0.0,0.0,,,,,,,,,,,,,,,,,,,,,,,,,,,,
2279,QC,Yes,M,65+,events,,,,,,,,,1.0,,,,,,,,,,,,,,,,,,,,,,,,,,,,,,,
2280,QC,Yes,M,65+,censored,,,,,,,,,,,1.0,,,,,,,,,,,,,,,,,,,,,,,,,,,,,
2347,UNKWN,No,F,35-39,Tx,1.0,0.0,0.0,,,,,,,,,,,,,,,,,,,,,,,,,,,,,,,,,,,,,
2348,UNKWN,No,F,35-39,events,,,,,,,,,,,,,,,,,,,,,,,,,,,,,,,,,,,,,,,,
2349,UNKWN,No,F,35-39,censored,,1.0,,,,,,,,,,,,,,,,,,,,,,,,,,,,,,,,,,,,,,
2350,UNKWN,No,F,60-64,Tx,1.0,1.0,1.0,1.0,1.0,1.0,0.0,0.0,,,,,,,,,,,,,,,,,,,,,,,,,,,,,,,,
2351,UNKWN,No,F,60-64,events,,,,,,,1.0,,,,,,,,,,,,,,,,,,,,,,,,,,,,,,,,,
2352,UNKWN,No,F,60-64,censored,,,,,,,,,,,,,,,,,,,,,,,,,,,,,,,,,,,,,,,,
2353,UNKWN,No,F,65+,Tx,1.0,1.0,1.0,1.0,0.0,0.0,,,,,,,,,,,,,,,,,,,,,,,,,,,,,,,,,,
2354,UNKWN,No,F,65+,events,,,,,,,,,,,,,,,,,,,,,,,,,,,,,,,,,,,,,,,,
2355,UNKWN,No,F,65+,censored,,,,,1.0,,,,,,,,,,,,,,,,,,,,,,,,,,,,,,,,,,,
2359,UNKWN,No,M,25-29,Tx,1.0,1.0,1.0,0.0,0.0,,,,,,,,,,,,,,,,,,,,,,,,,,,,,,,,,,,
2360,UNKWN,No,M,25-29,events,,,,1.0,,,,,,,,,,,,,,,,,,,,,,,,,,,,,,,,,,,,
2361,UNKWN,No,M,25-29,censored,,,,,,,,,,,,,,,,,,,,,,,,,,,,,,,,,,,,,,,,
2362,UNKWN,No,M,45-49,Tx,1.0,1.0,1.0,1.0,1.0,1.0,1.0,1.0,1.0,1.0,1.0,1.0,0.0,0.0,,,,,,,,,,,,,,,,,,,,,,,,,,
2363,UNKWN,No,M,45-49,events,,,,,,,,,,,,,,,,,,,,,,,,,,,,,,,,,,,,,,,,
2364,UNKWN,No,M,45-49,censored,,,,,,,,,,,,,1.0,,,,,,,,,,,,,,,,,,,,,,,,,,,
2374,UNKWN,Yes,F,50-54,Tx,2.0,2.0,2.0,1.0,0.0,0.0,,,,,,,,,,,,,,,,,,,,,,,,,,,,,,,,,,
2375,UNKWN,Yes,F,50-54,events,,,,,,,,,,,,,,,,,,,,,,,,,,,,,,,,,,,,,,,,
2376,UNKWN,Yes,F,50-54,censored,,,,1.0,1.0,,,,,,,,,,,,,,,,,,,,,,,,,,,,,,,,,,,
